model,group,mel_over_thickness,extend_terminals,run_index,n_runs,max_edge_length,max_edge_length_fraction,mesh_vertices,mesh_faces,mesh_area,mesh_volume,bbox_diagonal,watertight,genus,component_count,thickness_median,thickness_p10,thickness_p90,skeleton_nodes,skeleton_edges,skeleton_length,n_terminals,n_branches,cyclomatic_number,morphology_nodes,morphology_edges,volume_ratio,volume_relative_error,area_ratio,area_relative_error,volume_ratio_overlaps,volume_relative_error_overlaps,area_ratio_overlaps,area_relative_error_overlaps,runtime_s,rss_before_mb,peak_rss_mb,rss_delta_mb,runtime_scaling_exponent,ram_scaling_exponent
cylinder,demo,0.5,0,0,3,0.9561969186144365,0.09201009139338925,34,64,68.55183781125503,30.614674464782315,10.392304845413264,True,0,1,1.912393837228873,1.1469497979252745,2.2724840589051523,4,3,9.81592185188444,2,0,0,14,13,0.9816955607969556,-0.018304439203044313,0.9775289172208298,-0.02247108277917021,0.9816955607969556,-0.018304439203044313,0.9775289172208298,-0.02247108277917021,1.422941999975592,151.328125,152.22265625,0.89453125,-0.355142117098986,-0.001082124960666656
cylinder,demo,0.5,1,0,3,0.9561969186144365,0.09201009139338925,34,64,68.55183781125503,30.614674464782315,10.392304845413264,True,0,1,1.912393837228873,1.1469497979252745,2.2724840589051523,4,3,9.81592185188444,2,0,0,16,15,1.0392860393949717,0.0392860393949717,1.0052784359353335,0.005278435935333473,1.0392860393949717,0.0392860393949717,1.0052784359353335,0.005278435935333473,1.422941999975592,151.328125,152.22265625,0.89453125,2.747868045251927,-0.0029752270894270487
cylinder,demo,0.5,0,1,3,0.9561969186144365,0.09201009139338925,34,64,68.55183781125503,30.614674464782315,10.392304845413264,True,0,1,1.912393837228873,1.1469497979252745,2.2724840589051523,4,3,9.81592185188444,2,0,0,14,13,0.9820567405780514,-0.017943259421948594,0.9778284647249489,-0.022171535275051103,0.9820567405780514,-0.017943259421948594,0.9778284647249489,-0.022171535275051103,0.2867883999715559,152.21875,152.33984375,0.12109375,-0.355142117098986,-0.001082124960666656
cylinder,demo,0.5,1,1,3,0.9561969186144365,0.09201009139338925,34,64,68.55183781125503,30.614674464782315,10.392304845413264,True,0,1,1.912393837228873,1.1469497979252745,2.2724840589051523,4,3,9.81592185188444,2,0,0,16,15,1.039698994293208,0.039698994293207966,1.0055946123879718,0.005594612387971759,1.039698994293208,0.039698994293207966,1.0055946123879718,0.005594612387971759,0.2867883999715559,152.21875,152.33984375,0.12109375,2.747868045251927,-0.0029752270894270487
cylinder,demo,0.5,0,2,3,0.9561969186144365,0.09201009139338925,34,64,68.55183781125503,30.614674464782315,10.392304845413264,True,0,1,1.912393837228873,1.1469497979252745,2.2724840589051523,4,3,9.81592185188444,2,0,0,14,13,0.9821413040727761,-0.01785869592722392,0.9778873918435323,-0.022112608156467595,0.9821413040727761,-0.01785869592722392,0.9778873918435323,-0.022112608156467595,0.297530000039842,152.32421875,152.40625,0.08203125,-0.355142117098986,-0.001082124960666656
cylinder,demo,0.5,1,2,3,0.9561969186144365,0.09201009139338925,34,64,68.55183781125503,30.614674464782315,10.392304845413264,True,0,1,1.912393837228873,1.1469497979252745,2.2724840589051523,4,3,9.81592185188444,2,0,0,16,15,1.039789765515125,0.0397897655151249,1.0056555331527413,0.005655533152741363,1.039789765515125,0.0397897655151249,1.0056555331527413,0.005655533152741363,0.297530000039842,152.32421875,152.40625,0.08203125,2.747868045251927,-0.0029752270894270487
cylinder,demo,1.0,0,0,3,1.912393837228873,0.1840201827867785,34,64,68.55183781125503,30.614674464782315,10.392304845413264,True,0,1,1.912393837228873,1.1469497979252745,2.2724840589051523,4,3,9.81592185188444,2,0,0,7,6,0.9815932324455343,-0.018406767554465644,0.9774597020433633,-0.0225402979566367,0.9815932324455343,-0.018406767554465644,0.9774597020433633,-0.0225402979566367,0.33924910001223907,152.39453125,152.45703125,0.0625,-0.355142117098986,-0.001082124960666656
cylinder,demo,1.0,1,0,3,1.912393837228873,0.1840201827867785,34,64,68.55183781125503,30.614674464782315,10.392304845413264,True,0,1,1.912393837228873,1.1469497979252745,2.2724840589051523,4,3,9.81592185188444,2,0,0,9,8,1.0391779100781458,0.03917791007814584,1.0052073573044695,0.005207357304469458,1.0391779100781458,0.03917791007814584,1.0052073573044695,0.005207357304469458,0.33924910001223907,152.39453125,152.45703125,0.0625,2.747868045251927,-0.0029752270894270487
cylinder,demo,1.0,0,1,3,1.912393837228873,0.1840201827867785,34,64,68.55183781125503,30.614674464782315,10.392304845413264,True,0,1,1.912393837228873,1.1469497979252745,2.2724840589051523,4,3,9.81592185188444,2,0,0,7,6,0.9816089021018186,-0.018391097898181392,0.9774724463014021,-0.022527553698597953,0.9816089021018186,-0.018391097898181392,0.9774724463014021,-0.022527553698597953,0.20260160003090277,152.4375,152.4921875,0.0546875,-0.355142117098986,-0.001082124960666656
cylinder,demo,1.0,1,1,3,1.912393837228873,0.1840201827867785,34,64,68.55183781125503,30.614674464782315,10.392304845413264,True,0,1,1.912393837228873,1.1469497979252745,2.2724840589051523,4,3,9.81592185188444,2,0,0,9,8,1.0391956143979608,0.03919561439796076,1.0052207551716754,0.005220755171675493,1.0391956143979608,0.03919561439796076,1.0052207551716754,0.005220755171675493,0.20260160003090277,152.4375,152.4921875,0.0546875,2.747868045251927,-0.0029752270894270487
cylinder,demo,1.0,0,2,3,1.912393837228873,0.1840201827867785,34,64,68.55183781125503,30.614674464782315,10.392304845413264,True,0,1,1.912393837228873,1.1469497979252745,2.2724840589051523,4,3,9.81592185188444,2,0,0,7,6,0.9816982496869346,-0.018301750313065388,0.9775452265431311,-0.02245477345686891,0.9816982496869346,-0.018301750313065388,0.9775452265431311,-0.02245477345686891,0.499903500021901,152.484375,152.54296875,0.05859375,-0.355142117098986,-0.001082124960666656
cylinder,demo,1.0,1,2,3,1.912393837228873,0.1840201827867785,34,64,68.55183781125503,30.614674464782315,10.392304845413264,True,0,1,1.912393837228873,1.1469497979252745,2.2724840589051523,4,3,9.81592185188444,2,0,0,9,8,1.0392966407929745,0.03929664079297436,1.0052972869284953,0.0052972869284952,1.0392966407929745,0.03929664079297436,1.0052972869284953,0.0052972869284952,0.499903500021901,152.484375,152.54296875,0.05859375,2.747868045251927,-0.0029752270894270487
cylinder,demo,1.5,0,0,3,2.8685907558433095,0.2760302741801678,34,64,68.55183781125503,30.614674464782315,10.392304845413264,True,0,1,1.912393837228873,1.1469497979252745,2.2724840589051523,4,3,9.81592185188444,2,0,0,5,4,0.9816195135499359,-0.018380486450064095,0.9774799847355187,-0.02252001526448133,0.9816195135499359,-0.018380486450064095,0.9774799847355187,-0.02252001526448133,0.39940170000772923,152.5234375,152.5703125,0.046875,-0.355142117098986,-0.001082124960666656
cylinder,demo,1.5,1,0,3,2.8685907558433095,0.2760302741801678,34,64,68.55183781125503,30.614674464782315,10.392304845413264,True,0,1,1.912393837228873,1.1469497979252745,2.2724840589051523,4,3,9.81592185188444,2,0,0,7,6,1.0392065601111287,0.039206560111128726,1.0052284009833088,0.0052284009833087515,1.0392065601111287,0.039206560111128726,1.0052284009833088,0.0052284009833087515,0.39940170000772923,152.5234375,152.5703125,0.046875,2.747868045251927,-0.0029752270894270487
cylinder,demo,1.5,0,1,3,2.8685907558433095,0.2760302741801678,34,64,68.55183781125503,30.614674464782315,10.392304845413264,True,0,1,1.912393837228873,1.1469497979252745,2.2724840589051523,4,3,9.81592185188444,2,0,0,5,4,0.9816133748907101,-0.018386625109289886,0.9774752618259929,-0.022524738174007183,0.9816133748907101,-0.018386625109289886,0.9774752618259929,-0.022524738174007183,0.15176479995716363,152.5546875,152.59375,0.0390625,-0.355142117098986,-0.001082124960666656
cylinder,demo,1.5,1,1,3,2.8685907558433095,0.2760302741801678,34,64,68.55183781125503,30.614674464782315,10.392304845413264,True,0,1,1.912393837228873,1.1469497979252745,2.2724840589051523,4,3,9.81592185188444,2,0,0,7,6,1.0391998791230679,0.03919987912306783,1.0052235038588373,0.005223503858837283,1.0391998791230679,0.03919987912306783,1.0052235038588373,0.005223503858837283,0.15176479995716363,152.5546875,152.59375,0.0390625,2.747868045251927,-0.0029752270894270487
cylinder,demo,1.5,0,2,3,2.8685907558433095,0.2760302741801678,34,64,68.55183781125503,30.614674464782315,10.392304845413264,True,0,1,1.912393837228873,1.1469497979252745,2.2724840589051523,4,3,9.81592185188444,2,0,0,5,4,0.9816046899311145,-0.01839531006888548,0.9774685657334883,-0.02253143426651174,0.9816046899311145,-0.01839531006888548,0.9774685657334883,-0.02253143426651174,0.14041549997637048,152.578125,152.60546875,0.02734375,-0.355142117098986,-0.001082124960666656
cylinder,demo,1.5,1,2,3,2.8685907558433095,0.2760302741801678,34,64,68.55183781125503,30.614674464782315,10.392304845413264,True,0,1,1.912393837228873,1.1469497979252745,2.2724840589051523,4,3,9.81592185188444,2,0,0,7,6,1.0391904193749881,0.0391904193749882,1.0052165588762214,0.005216558876221401,1.0391904193749881,0.0391904193749882,1.0052165588762214,0.005216558876221401,0.14041549997637048,152.578125,152.60546875,0.02734375,2.747868045251927,-0.0029752270894270487
torus,demo,0.5,0,0,3,0.9804863187625077,0.06864777324125391,512,1024,156.27209872953597,76.44962188927714,14.2828568570857,True,1,1,1.9609726375250154,1.8241856084713384,2.0744752663198467,32,32,24.96298297330074,0,0,1,36,36,0.993915468959975,-0.006084531040025097,0.9844244260007323,-0.015575573999267652,0.993915468959975,-0.006084531040025097,0.9844244260007323,-0.015575573999267652,2.1330917999730445,156.3125,158.4140625,2.1015625,0.29782182681319713,-0.005404651792761804
torus,demo,0.5,1,0,3,0.9804863187625077,0.06864777324125391,512,1024,156.27209872953597,76.44962188927714,14.2828568570857,True,1,1,1.9609726375250154,1.8241856084713384,2.0744752663198467,32,32,24.96298297330074,0,0,1,36,36,0.993915468959975,-0.006084531040025097,0.9844244260007323,-0.015575573999267652,0.993915468959975,-0.006084531040025097,0.9844244260007323,-0.015575573999267652,2.1330917999730445,156.3125,158.4140625,2.1015625,0.29782182681319713,-0.005404651792761804
torus,demo,0.5,0,1,3,0.9804863187625077,0.06864777324125391,512,1024,156.27209872953597,76.44962188927714,14.2828568570857,True,1,1,1.9609726375250154,1.8241856084713384,2.0744752663198467,32,32,24.96298297330074,0,0,1,38,38,0.9938810792484001,-0.006118920751599973,0.9846304785506058,-0.015369521449394189,0.9938810792484001,-0.006118920751599973,0.9846304785506058,-0.015369521449394189,3.4412890000385232,158.40234375,158.9375,0.53515625,0.29782182681319713,-0.005404651792761804
torus,demo,0.5,1,1,3,0.9804863187625077,0.06864777324125391,512,1024,156.27209872953597,76.44962188927714,14.2828568570857,True,1,1,1.9609726375250154,1.8241856084713384,2.0744752663198467,32,32,24.96298297330074,0,0,1,38,38,0.9938810792484001,-0.006118920751599973,0.9846304785506058,-0.015369521449394189,0.9938810792484001,-0.006118920751599973,0.9846304785506058,-0.015369521449394189,3.4412890000385232,158.40234375,158.9375,0.53515625,0.29782182681319713,-0.005404651792761804
torus,demo,0.5,0,2,3,0.9804863187625077,0.06864777324125391,512,1024,156.27209872953597,76.44962188927714,14.2828568570857,True,1,1,1.9609726375250154,1.8241856084713384,2.0744752663198467,32,32,24.96298297330074,0,0,1,36,36,0.9938728105428494,-0.0061271894571505794,0.9844848072031045,-0.0155151927968955,0.9938728105428494,-0.0061271894571505794,0.9844848072031045,-0.0155151927968955,2.1289396999636665,158.921875,159.11328125,0.19140625,0.29782182681319713,-0.005404651792761804
torus,demo,0.5,1,2,3,0.9804863187625077,0.06864777324125391,512,1024,156.27209872953597,76.44962188927714,14.2828568570857,True,1,1,1.9609726375250154,1.8241856084713384,2.0744752663198467,32,32,24.96298297330074,0,0,1,36,36,0.9938728105428494,-0.0061271894571505794,0.9844848072031045,-0.0155151927968955,0.9938728105428494,-0.0061271894571505794,0.9844848072031045,-0.0155151927968955,2.1289396999636665,158.921875,159.11328125,0.19140625,0.29782182681319713,-0.005404651792761804
torus,demo,1.0,0,0,3,1.9609726375250154,0.13729554648250783,512,1024,156.27209872953597,76.44962188927714,14.2828568570857,True,1,1,1.9609726375250154,1.8241856084713384,2.0744752663198467,32,32,24.96298297330074,0,0,1,19,19,1.0022564231274464,0.002256423127446537,0.9868035698846543,-0.013196430115345667,1.0022564231274464,0.002256423127446537,0.9868035698846543,-0.013196430115345667,2.553775200038217,159.09375,159.1484375,0.0546875,0.29782182681319713,-0.005404651792761804
torus,demo,1.0,1,0,3,1.9609726375250154,0.13729554648250783,512,1024,156.27209872953597,76.44962188927714,14.2828568570857,True,1,1,1.9609726375250154,1.8241856084713384,2.0744752663198467,32,32,24.96298297330074,0,0,1,19,19,1.0022564231274464,0.002256423127446537,0.9868035698846543,-0.013196430115345667,1.0022564231274464,0.002256423127446537,0.9868035698846543,-0.013196430115345667,2.553775200038217,159.09375,159.1484375,0.0546875,0.29782182681319713,-0.005404651792761804
torus,demo,1.0,0,1,3,1.9609726375250154,0.13729554648250783,512,1024,156.27209872953597,76.44962188927714,14.2828568570857,True,1,1,1.9609726375250154,1.8241856084713384,2.0744752663198467,32,32,24.96298297330074,0,0,1,15,15,1.008883554607032,0.008883554607032069,0.9881860439684996,-0.011813956031500353,1.008883554607032,0.008883554607032069,0.9881860439684996,-0.011813956031500353,0.45846990001155064,159.1328125,159.1796875,0.046875,0.29782182681319713,-0.005404651792761804
torus,demo,1.0,1,1,3,1.9609726375250154,0.13729554648250783,512,1024,156.27209872953597,76.44962188927714,14.2828568570857,True,1,1,1.9609726375250154,1.8241856084713384,2.0744752663198467,32,32,24.96298297330074,0,0,1,15,15,1.008883554607032,0.008883554607032069,0.9881860439684996,-0.011813956031500353,1.008883554607032,0.008883554607032069,0.9881860439684996,-0.011813956031500353,0.45846990001155064,159.1328125,159.1796875,0.046875,0.29782182681319713,-0.005404651792761804
torus,demo,1.0,0,2,3,1.9609726375250154,0.13729554648250783,512,1024,156.27209872953597,76.44962188927714,14.2828568570857,True,1,1,1.9609726375250154,1.8241856084713384,2.0744752663198467,32,32,24.96298297330074,0,0,1,15,15,1.0090951049180668,0.009095104918066694,0.9879795203797106,-0.012020479620289409,1.0090951049180668,0.009095104918066694,0.9879795203797106,-0.012020479620289409,0.42960209999000654,159.171875,159.22265625,0.05078125,0.29782182681319713,-0.005404651792761804
torus,demo,1.0,1,2,3,1.9609726375250154,0.13729554648250783,512,1024,156.27209872953597,76.44962188927714,14.2828568570857,True,1,1,1.9609726375250154,1.8241856084713384,2.0744752663198467,32,32,24.96298297330074,0,0,1,15,15,1.0090951049180668,0.009095104918066694,0.9879795203797106,-0.012020479620289409,1.0090951049180668,0.009095104918066694,0.9879795203797106,-0.012020479620289409,0.42960209999000654,159.171875,159.22265625,0.05078125,0.29782182681319713,-0.005404651792761804
torus,demo,1.5,0,0,3,2.941458956287523,0.2059433197237617,512,1024,156.27209872953597,76.44962188927714,14.2828568570857,True,1,1,1.9609726375250154,1.8241856084713384,2.0744752663198467,32,32,24.96298297330074,0,0,1,10,10,1.0298330987868307,0.029833098786830766,0.9928935604605464,-0.007106439539453518,1.0298330987868307,0.029833098786830766,0.9928935604605464,-0.007106439539453518,0.5262576999957673,159.20703125,159.23046875,0.0234375,0.29782182681319713,-0.005404651792761804
torus,demo,1.5,1,0,3,2.941458956287523,0.2059433197237617,512,1024,156.27209872953597,76.44962188927714,14.2828568570857,True,1,1,1.9609726375250154,1.8241856084713384,2.0744752663198467,32,32,24.96298297330074,0,0,1,10,10,1.0298330987868307,0.029833098786830766,0.9928935604605464,-0.007106439539453518,1.0298330987868307,0.029833098786830766,0.9928935604605464,-0.007106439539453518,0.5262576999957673,159.20703125,159.23046875,0.0234375,0.29782182681319713,-0.005404651792761804
torus,demo,1.5,0,1,3,2.941458956287523,0.2059433197237617,512,1024,156.27209872953597,76.44962188927714,14.2828568570857,True,1,1,1.9609726375250154,1.8241856084713384,2.0744752663198467,32,32,24.96298297330074,0,0,1,13,13,1.0145471566032767,0.014547156603276688,0.9884285785405456,-0.01157142145945441,1.0145471566032767,0.014547156603276688,0.9884285785405456,-0.01157142145945441,1.4702864999999292,159.20703125,159.25390625,0.046875,0.29782182681319713,-0.005404651792761804
torus,demo,1.5,1,1,3,2.941458956287523,0.2059433197237617,512,1024,156.27209872953597,76.44962188927714,14.2828568570857,True,1,1,1.9609726375250154,1.8241856084713384,2.0744752663198467,32,32,24.96298297330074,0,0,1,13,13,1.0145471566032767,0.014547156603276688,0.9884285785405456,-0.01157142145945441,1.0145471566032767,0.014547156603276688,0.9884285785405456,-0.01157142145945441,1.4702864999999292,159.20703125,159.25390625,0.046875,0.29782182681319713,-0.005404651792761804
torus,demo,1.5,0,2,3,2.941458956287523,0.2059433197237617,512,1024,156.27209872953597,76.44962188927714,14.2828568570857,True,1,1,1.9609726375250154,1.8241856084713384,2.0744752663198467,32,32,24.96298297330074,0,0,1,12,12,1.0204601524287906,0.020460152428790568,0.9906175487074819,-0.00938245129251808,1.0204601524287906,0.020460152428790568,0.9906175487074819,-0.00938245129251808,1.4641256000031717,159.234375,159.28515625,0.05078125,0.29782182681319713,-0.005404651792761804
torus,demo,1.5,1,2,3,2.941458956287523,0.2059433197237617,512,1024,156.27209872953597,76.44962188927714,14.2828568570857,True,1,1,1.9609726375250154,1.8241856084713384,2.0744752663198467,32,32,24.96298297330074,0,0,1,12,12,1.0204601524287906,0.020460152428790568,0.9906175487074819,-0.00938245129251808,1.0204601524287906,0.020460152428790568,0.9906175487074819,-0.00938245129251808,1.4641256000031717,159.234375,159.28515625,0.05078125,0.29782182681319713,-0.005404651792761804
branching,demo,0.5,0,0,3,0.7587946853958327,0.13285036475648768,1417,2830,22.31765189479163,5.107126917476649,5.71164924376903,True,0,1,1.5175893707916654,0.19709833925187262,1.7408249527617943,137,136,5.852448085447328,4,2,0,14,13,0.7999238914761483,-0.20007610852385166,0.8880135678376554,-0.11198643216234455,0.6899899153156097,-0.3100100846843903,0.8114910473395792,-0.1885089526604208,0.7027327999821864,162.85546875,163.21875,0.36328125,1.5634273615338652,-0.022087025273950407
branching,demo,0.5,1,0,3,0.7587946853958327,0.13285036475648768,1417,2830,22.31765189479163,5.107126917476649,5.71164924376903,True,0,1,1.5175893707916654,0.19709833925187262,1.7408249527617943,137,136,5.852448085447328,4,2,0,18,17,0.9600857954698474,-0.03991420453015259,0.9323296696279415,-0.06767033037205854,0.8501518193093089,-0.14984818069069103,0.8558071491298652,-0.1441928508701348,0.7027327999821864,162.85546875,163.21875,0.36328125,0.6331134623963841,-0.03249442066347747
branching,demo,0.5,0,1,3,0.7587946853958327,0.13285036475648768,1417,2830,22.31765189479163,5.107126917476649,5.71164924376903,True,0,1,1.5175893707916654,0.19709833925187262,1.7408249527617943,137,136,5.852448085447328,4,2,0,15,14,0.7814221128769115,-0.2185778871230885,0.880073851445334,-0.11992614855466603,0.680623010722553,-0.31937698927744695,0.80743001141957,-0.19256998858042995,1.5765227999654599,163.19921875,164.5546875,1.35546875,1.5634273615338652,-0.022087025273950407
branching,demo,0.5,1,1,3,0.7587946853958327,0.13285036475648768,1417,2830,22.31765189479163,5.107126917476649,5.71164924376903,True,0,1,1.5175893707916654,0.19709833925187262,1.7408249527617943,137,136,5.852448085447328,4,2,0,19,18,0.9409165039769073,-0.059083496023092666,0.9242760195231732,-0.07572398047682688,0.8401174018225488,-0.1598825981774512,0.8516321794974092,-0.1483678205025908,1.5765227999654599,163.19921875,164.5546875,1.35546875,0.6331134623963841,-0.03249442066347747
branching,demo,0.5,0,2,3,0.7587946853958327,0.13285036475648768,1417,2830,22.31765189479163,5.107126917476649,5.71164924376903,True,0,1,1.5175893707916654,0.19709833925187262,1.7408249527617943,137,136,5.852448085447328,4,2,0,17,16,0.7877064020708473,-0.21229359792915267,0.8881622314542026,-0.11183776854579738,0.6972573003417303,-0.3027426996582698,0.8210212098988912,-0.1789787901011088,2.34088229999179,164.53515625,165.8671875,1.33203125,1.5634273615338652,-0.022087025273950407
branching,demo,0.5,1,2,3,0.7587946853958327,0.13285036475648768,1417,2830,22.31765189479163,5.107126917476649,5.71164924376903,True,0,1,1.5175893707916654,0.19709833925187262,1.7408249527617943,137,136,5.852448085447328,4,2,0,21,20,0.949142072362948,-0.050857927637052,0.9326942162312967,-0.06730578376870328,0.8586929706338309,-0.14130702936616907,0.8655531946759853,-0.13444680532401468,2.34088229999179,164.53515625,165.8671875,1.33203125,0.6331134623963841,-0.03249442066347747
branching,demo,1.0,0,0,3,1.5175893707916654,0.26570072951297535,1417,2830,22.31765189479163,5.107126917476649,5.71164924376903,True,0,1,1.5175893707916654,0.19709833925187262,1.7408249527617943,137,136,5.852448085447328,4,2,0,8,7,0.7783769093758047,-0.2216230906241953,0.8816595451137839,-0.11834045488621618,0.6804559547713962,-0.31954404522860386,0.8111090133982846,-0.18889098660171544,0.8169779000454582,165.84375,165.9140625,0.0703125,1.5634273615338652,-0.022087025273950407
branching,demo,1.0,1,0,3,1.5175893707916654,0.26570072951297535,1417,2830,22.31765189479163,5.107126917476649,5.71164924376903,True,0,1,1.5175893707916654,0.19709833925187262,1.7408249527617943,137,136,5.852448085447328,4,2,0,12,11,0.9396422790593818,-0.060357720940618205,0.9261843654013512,-0.07381563459864886,0.8417213244549734,-0.15827867554502664,0.8556338336858519,-0.14436616631414811,0.8169779000454582,165.84375,165.9140625,0.0703125,0.6331134623963841,-0.03249442066347747
branching,demo,1.0,0,1,3,1.5175893707916654,0.26570072951297535,1417,2830,22.31765189479163,5.107126917476649,5.71164924376903,True,0,1,1.5175893707916654,0.19709833925187262,1.7408249527617943,137,136,5.852448085447328,4,2,0,8,7,0.7866757218396628,-0.21332427816033714,0.8831842018394039,-0.11681579816059601,0.6884250046760285,-0.3115749953239714,0.812422551153563,-0.18757744884643698,0.7595750999753363,165.89453125,165.984375,0.08984375,1.5634273615338652,-0.022087025273950407
branching,demo,1.0,1,1,3,1.5175893707916654,0.26570072951297535,1417,2830,22.31765189479163,5.107126917476649,5.71164924376903,True,0,1,1.5175893707916654,0.19709833925187262,1.7408249527617943,137,136,5.852448085447328,4,2,0,12,11,0.9479094698247782,-0.05209053017522185,0.9277052044292521,-0.0722947955707479,0.849658752661144,-0.15034124733885607,0.8569435537434111,-0.14305644625658887,0.7595750999753363,165.89453125,165.984375,0.08984375,0.6331134623963841,-0.03249442066347747
branching,demo,1.0,0,2,3,1.5175893707916654,0.26570072951297535,1417,2830,22.31765189479163,5.107126917476649,5.71164924376903,True,0,1,1.5175893707916654,0.19709833925187262,1.7408249527617943,137,136,5.852448085447328,4,2,0,8,7,0.7871776788321443,-0.21282232116785568,0.8849539335884056,-0.11504606641159443,0.6890168050441713,-0.31098319495582866,0.8142416573164586,-0.18575834268354138,0.7706338000134565,165.96484375,166.06640625,0.1015625,1.5634273615338652,-0.022087025273950407
branching,demo,1.0,1,2,3,1.5175893707916654,0.26570072951297535,1417,2830,22.31765189479163,5.107126917476649,5.71164924376903,True,0,1,1.5175893707916654,0.19709833925187262,1.7408249527617943,137,136,5.852448085447328,4,2,0,12,11,0.9478164892445529,-0.05218351075544719,0.9293735177121374,-0.07062648228786263,0.8496556154565799,-0.15034438454342008,0.8586612414401904,-0.14133875855980957,0.7706338000134565,165.96484375,166.06640625,0.1015625,0.6331134623963841,-0.03249442066347747
branching,demo,1.5,0,0,3,2.2763840561874984,0.3985510942694631,1417,2830,22.31765189479163,5.107126917476649,5.71164924376903,True,0,1,1.5175893707916654,0.19709833925187262,1.7408249527617943,137,136,5.852448085447328,4,2,0,6,5,0.8255186935413152,-0.17448130645868476,0.9145700477410101,-0.08542995225898986,0.7255102409827361,-0.2744897590172639,0.8430929065022661,-0.15690709349773388,0.40508779999800026,166.05078125,166.08203125,0.03125,1.5634273615338652,-0.022087025273950407
branching,demo,1.5,1,0,3,2.2763840561874984,0.3985510942694631,1417,2830,22.31765189479163,5.107126917476649,5.71164924376903,True,0,1,1.5175893707916654,0.19709833925187262,1.7408249527617943,137,136,5.852448085447328,4,2,0,10,9,0.9870541639941479,-0.012945836005852104,0.9591522303092019,-0.04084776969079812,0.8870457114355688,-0.11295428856443125,0.8876750890704579,-0.11232491092954214,0.40508779999800026,166.05078125,166.08203125,0.03125,0.6331134623963841,-0.03249442066347747
branching,demo,1.5,0,1,3,2.2763840561874984,0.3985510942694631,1417,2830,22.31765189479163,5.107126917476649,5.71164924376903,True,0,1,1.5175893707916654,0.19709833925187262,1.7408249527617943,137,136,5.852448085447328,4,2,0,6,5,0.9148498961973321,-0.08515010380266783,0.9354871915692521,-0.0645128084307479,0.8041053550807195,-0.1958946449192806,0.8581064075826352,-0.14189359241736477,0.1482001999975182,166.0625,166.10546875,0.04296875,1.5634273615338652,-0.022087025273950407
branching,demo,1.5,1,1,3,2.2763840561874984,0.3985510942694631,1417,2830,22.31765189479163,5.107126917476649,5.71164924376903,True,0,1,1.5175893707916654,0.19709833925187262,1.7408249527617943,137,136,5.852448085447328,4,2,0,10,9,1.0764147347374726,0.07641473473747264,0.9801086330746939,-0.019891366925306093,0.9656701936208598,-0.03432980637914013,0.902727849088077,-0.09727215091192296,0.1482001999975182,166.0625,166.10546875,0.04296875,0.6331134623963841,-0.03249442066347747
branching,demo,1.5,0,2,3,2.2763840561874984,0.3985510942694631,1417,2830,22.31765189479163,5.107126917476649,5.71164924376903,True,0,1,1.5175893707916654,0.19709833925187262,1.7408249527617943,137,136,5.852448085447328,4,2,0,6,5,0.8276840135610037,-0.17231598643899623,0.9162951289820479,-0.08370487101795213,0.7271609003105206,-0.27283909968947945,0.8444249389633617,-0.1555750610366383,0.4396245999960229,166.08984375,166.19140625,0.1015625,1.5634273615338652,-0.022087025273950407
branching,demo,1.5,1,2,3,2.2763840561874984,0.3985510942694631,1417,2830,22.31765189479163,5.107126917476649,5.71164924376903,True,0,1,1.5175893707916654,0.19709833925187262,1.7408249527617943,137,136,5.852448085447328,4,2,0,10,9,0.9892094859072849,-0.010790514092715088,0.9608756445312655,-0.03912435546873447,0.8886863726568018,-0.1113136273431982,0.8890054545125794,-0.11099454548742063,0.4396245999960229,166.08984375,166.19140625,0.1015625,0.6331134623963841,-0.03249442066347747
