model,extend_terminals,mesh_vertices,skeleton_nodes,n_branches,cyclomatic_number,morphology_nodes,runtime_s,peak_rss_mb,volume_relative_error,area_relative_error,volume_relative_error_sa_norm,runtime_scaling_exponent
TS1,0,2378,376,25,8,120,22.9569,176.906,0.374825,0.192937,0.187199,1.17888
TS1,1,2378,376,25,8,129,22.9569,176.906,0.418114,0.212721,0.176108,1.32504
TS2,0,508,122,4,1,11,1.165,181.793,0.144654,-0.0595824,0.328573,1.55776
TS2,1,508,122,4,1,13,0.695363,181.773,-0.124024,-0.122899,0.232923,0.511363
TS21,0,2017,251,11,1,34,6.29315,232.75,0.296331,0.0419581,0.231537,1.3306
TS21,1,2017,251,11,1,41,6.29315,232.75,0.326644,0.0681403,0.200929,1.69339
TS24,0,3331,323,15,2,52,11.0322,231.875,0.0966844,0.149585,0.0748299,1.14482
TS24,1,3331,323,15,2,59,4.67223,231.934,-0.0611227,0.118095,0.0694317,-0.440246
TS3,0,8008,714,47,10,114,46.1505,308.164,0.128402,0.353281,-0.0196058,1.32281
TS3,1,8008,714,47,10,125,46.1505,308.164,0.162617,0.377388,-0.0361564,1.46893
TS4,0,3333,319,13,1,58,14.2254,248.57,0.439154,0.115185,0.24532,1.83052
TS4,1,3333,319,13,1,64,14.2254,248.57,0.448163,0.125108,0.231004,2.22542
TS48,0,3335,255,7,0,32,6.24269,237.641,0.0708483,0.243234,-0.0532167,1.23871
TS48,1,3335,255,7,0,40,6.24269,237.641,0.15285,0.295486,-0.0815501,1.64291
TS67,0,1694,296,13,2,48,10.5483,244.066,1.00802,0.471366,0.2361,1.62657
TS67,1,1694,296,13,2,54,10.5483,244.066,1.03891,0.494541,0.209975,1.94286
TS76,0,1509,191,7,0,25,2.04814,244.969,0.0759942,-0.00851571,0.15701,1.8039
TS76,1,1509,191,7,0,32,2.04814,244.969,0.157542,0.0471138,0.113376,2.48331
branching,0,1417,137,2,0,7,0.221795,163.254,-0.196375,-0.141662,0.021172,-0.593576
branching,1,1417,137,2,0,11,0.577625,162.855,0.0657885,-0.0167087,0.0596072,4.48345
cylinder,0,34,4,0,0,7,0.630303,152.125,-0.0182615,-0.0224224,0.0233629,1.96434
cylinder,1,34,4,0,0,9,0.588756,151.984,0.0967847,0.0602788,-0.0191942,2.51025
torus,0,512,32,0,1,13,1.36311,157.25,0.0125231,-0.0105151,0.0341573,1.91262
torus,1,512,32,0,1,13,1.36311,157.25,0.0125231,-0.0105151,0.0341573,1.91262
