model,extend_terminals,mesh_vertices,skeleton_nodes,n_branches,cyclomatic_number,morphology_nodes,runtime_s,peak_rss_mb,volume_relative_error,area_relative_error,radius_relative_error,radius_relative_error_spread,volume_relative_error_sa_norm,runtime_scaling_exponent
TS1,0,2378,376,25,8,69,7.72139,188.465,-0.0206268,0.0110647,-0.000722499,0.00622028,0.311914,1.40071
TS1,1,2378,376,25,8,78,7.72139,188.465,0.0242187,0.032031,0.0119413,0.00394034,0.295805,1.5407
TS2,0,508,122,4,1,7,0.426703,184.559,0.13684,-0.0672668,0.00397432,0.0389484,0.336847,2.02563
TS2,1,508,122,4,1,9,0.426703,184.559,0.170482,-0.0403498,0.016067,0.0371277,0.3022,1.94098
TS21,0,2017,251,11,1,21,1.8533,246.195,0.296366,-0.0118661,0.0410987,0.0481629,0.360969,2.43345
TS21,1,2017,251,11,1,28,1.8533,246.195,0.327306,0.0148354,0.0521897,0.0457955,0.322673,3.07454
TS24,0,3331,323,15,2,33,5.67088,251.727,0.189729,0.138192,0.0632332,0.00362123,0.127033,1.32826
TS24,1,3331,323,15,2,41,5.67088,251.727,0.235555,0.16988,0.0773223,0.0042791,0.0983711,1.65951
TS3,0,8008,714,47,10,70,25.6028,276.156,-0.0296653,0.123008,0.0242737,0.0348544,0.103534,1.12726
TS3,1,8008,714,47,10,80,25.6028,276.156,-0.00595388,0.14161,0.0326359,0.0352251,0.0861943,1.11958
TS4,0,3333,319,13,1,34,4.823,258.5,0.327419,0.0774963,0.0680837,0.0304937,0.21215,1.43093
TS4,1,3333,319,13,1,41,4.823,258.5,0.338297,0.089129,0.0724126,0.0291965,0.195801,1.71618
TS48,0,3335,255,7,0,19,1.67585,244.52,-0.0817526,0.066923,0.00198193,0.0304744,0.0878566,2.57869
TS48,1,3335,255,7,0,27,1.67585,244.52,0.00684141,0.121728,0.0303041,0.0284208,0.0463397,3.42014
TS67,0,1694,296,13,2,30,2.75509,246.633,0.584943,0.220254,0.134875,0.0306378,0.389832,0.971104
TS67,1,1694,296,13,2,36,2.75509,246.633,0.616469,0.244081,0.144125,0.0291113,0.356932,1.12568
TS76,0,1509,191,7,0,16,0.884233,249.02,0.110286,-0.00444537,0.0164564,0.0188564,0.216192,3.00258
TS76,1,1509,191,7,0,23,0.884233,249.02,0.196282,0.0538392,0.0439167,0.0174966,0.161154,4.05767
branching,0,1417,137,2,0,6,0.134281,165.543,-0.189002,-0.141004,-0.070318,0.00286614,0.0284493,2.38941
branching,1,1417,137,2,0,10,0.377758,166.129,0.0432049,-0.0249118,0.000743028,0.0133668,0.0539807,4.68868
cylinder,0,34,4,0,0,4,0.0592846,152.52,-0.0183029,-0.0224627,-0.00872022,0.00257829,0.0233973,3.61309
cylinder,1,34,4,0,0,6,0.242261,152.449,0.0967633,0.0602629,0.0304784,0.00078798,-0.0191852,2.16379
torus,0,512,32,0,1,7,0.834351,158.977,0.070883,0.00508627,0.012763,0.0102752,0.0600721,0.345575
torus,1,512,32,0,1,7,0.834351,158.977,0.070883,0.00508627,0.012763,0.0102752,0.0600721,0.345575
