model,group,mel_over_thickness,extend_terminals,run_index,n_runs,max_edge_length,max_edge_length_fraction,mesh_vertices,mesh_faces,mesh_area,mesh_volume,bbox_diagonal,watertight,genus,component_count,thickness_median,thickness_p10,thickness_p90,skeleton_nodes,skeleton_edges,skeleton_length,n_terminals,n_branches,cyclomatic_number,morphology_nodes,morphology_edges,volume_ratio,volume_relative_error,area_ratio,area_relative_error,volume_ratio_overlaps,volume_relative_error_overlaps,area_ratio_overlaps,area_relative_error_overlaps,volume_ratio_sa_norm,volume_relative_error_sa_norm,runtime_s,rss_before_mb,peak_rss_mb,rss_delta_mb,runtime_scaling_exponent,ram_scaling_exponent
cylinder,demo,1.5687145302387646,0,0,1,3.0,0.28867513459481287,34,64,68.55183781125503,30.614674464782315,10.392304845413264,True,0,1,1.912393837228873,1.1469497979252745,2.2724840589051523,4,3,9.81592185188444,2,0,0,5,4,0.981592162007423,-0.01840783799257697,0.9774589407816234,-0.022541059218376524,0.981592162007423,-0.01840783799257697,0.9774589407816234,-0.022541059218376524,1.023437935588071,0.023437935588070936,0.013988500024424866,151.234375,151.79296875,0.55859375,,
torus,demo,0.5099510216838726,0,0,1,1.0,0.07001400420140048,512,1024,156.27209872953597,76.44962188927714,14.2828568570857,True,1,1,1.9609726375250154,1.8241856084713384,2.0744752663198467,32,32,24.96298297330074,0,0,1,25,25,1.0004035961367876,0.0004035961367876399,0.989092346258602,-0.010907653741398059,1.0004035961367876,0.0004035961367876399,0.989092346258602,-0.010907653741398059,1.0225899383878276,0.02258993838782766,0.09801260000676848,155.80859375,155.85546875,0.046875,,
branching,demo,0.6589397759674214,0,0,1,1.0,0.17508077917966042,1417,2830,22.31765189479163,5.107126917476649,5.71164924376903,True,0,1,1.5175893707916654,0.19709833925187262,1.7408249527617943,137,136,5.852448085447328,4,2,0,9,8,0.7567378536903883,-0.24326214630961168,0.8755161143922913,-0.1244838856077087,0.6112749212774408,-0.38872507872255924,0.7852169780621416,-0.2147830219378583,0.9308461853225695,-0.06915381467743055,0.031978399987565354,160.58203125,160.6171875,0.03515625,,
branching,demo,0.6589397759674214,1,0,1,1.0,0.17508077917966042,1417,2830,22.31765189479163,5.107126917476649,5.71164924376903,True,0,1,1.5175893707916654,0.19709833925187262,1.7408249527617943,137,136,5.852448085447328,4,2,0,13,12,1.079903686486205,0.07990368648620508,1.0087311773517103,0.008731177351710289,0.9344407540732576,-0.06555924592674246,0.9184320410215607,-0.08156795897843933,1.0640223720237978,0.06402237202379772,0.031978399987565354,160.58203125,160.6171875,0.03515625,,
TS1,spine,2.0,0,0,10,155.88672959234412,0.05751321950105999,2378,4788,3124839.692276849,70083740.23409876,2710.4504137430713,True,9,1,77.94336479617206,38.889990323702904,164.70858134688547,376,383,8828.702750704158,17,25,8,69,75,2.3230837802280293,1.323083780228029,1.3869286362134698,0.3869286362134698,1.1424616314327314,0.1424616314327314,1.0626750052228229,0.06267500522282297,1.2911866890335477,0.29118668903354766,5.904447099979734,168.5625,171.3828125,2.8203125,,
TS1,spine,2.0,0,1,10,155.88672959234412,0.05751321950105999,2378,4788,3124839.692276849,70083740.23409876,2710.4504137430713,True,9,1,77.94336479617206,38.889990323702904,164.70858134688547,376,383,8828.702750704158,17,25,8,69,75,2.5460594633161744,1.5460594633161744,1.440947004864254,0.44094700486425414,1.4888404649505405,0.48884046495054045,1.1371610136954549,0.1371610136954549,1.3078608764464537,0.3078608764464537,7.690437200013548,168.2734375,172.328125,4.0546875,,
TS1,spine,2.0,0,2,10,155.88672959234412,0.05751321950105999,2378,4788,3124839.692276849,70083740.23409876,2710.4504137430713,True,9,1,77.94336479617206,38.889990323702904,164.70858134688547,376,383,8828.702750704158,17,25,8,69,75,2.4336718375283786,1.4336718375283783,1.401232472047606,0.401232472047606,1.4383087666620595,0.4383087666620596,1.1079544238249905,0.10795442382499051,1.3092615906987695,0.3092615906987695,7.775587299984181,169.33203125,173.0546875,3.72265625,,
TS1,spine,2.0,0,3,10,155.88672959234412,0.05751321950105999,2378,4788,3124839.692276849,70083740.23409876,2710.4504137430713,True,9,1,77.94336479617206,38.889990323702904,164.70858134688547,376,383,8828.702750704158,17,25,8,69,75,2.517874477350287,1.5178744773502868,1.4222725409683572,0.4222725409683571,1.3615508976706323,0.36155089767063237,1.1024483774133103,0.10244837741331016,1.3209216407314441,0.32092164073144414,7.67772460001288,173.03515625,174.50390625,1.46875,,
TS1,spine,2.0,0,4,10,155.88672959234412,0.05751321950105999,2378,4788,3124839.692276849,70083740.23409876,2710.4504137430713,True,9,1,77.94336479617206,38.889990323702904,164.70858134688547,376,383,8828.702750704158,17,25,8,69,75,2.4694807620274393,1.469480762027439,1.4150750884351508,0.4150750884351509,1.3384667327399806,0.3384667327399807,1.093712645900437,0.09371264590043704,1.3094321734731384,0.3094321734731385,7.621197800006485,171.484375,174.0078125,2.5234375,,
TS1,spine,2.0,0,5,10,155.88672959234412,0.05751321950105999,2378,4788,3124839.692276849,70083740.23409876,2710.4504137430713,True,9,1,77.94336479617206,38.889990323702904,164.70858134688547,376,383,8828.702750704158,17,25,8,69,75,2.48871629220526,1.4887162922052601,1.4259261285337896,0.42592612853378964,1.4268285922096995,0.42682859220969943,1.119849882709628,0.11984988270962797,1.3039507029457924,0.3039507029457924,7.649038300005486,171.5546875,174.1171875,2.5625,,
TS1,spine,2.0,0,6,10,155.88672959234412,0.05751321950105999,2378,4788,3124839.692276849,70083740.23409876,2710.4504137430713,True,9,1,77.94336479617206,38.889990323702904,164.70858134688547,376,383,8828.702750704158,17,25,8,69,75,2.2565608615318817,1.2565608615318815,1.3699721693378826,0.36997216933788263,0.9777491918763934,-0.022250808123606563,1.0267644041010824,0.026764404101082488,1.2930863237900412,0.2930863237900411,4.534755000000587,172.46484375,175.31640625,2.8515625,,
TS1,spine,2.0,0,7,10,155.88672959234412,0.05751321950105999,2378,4788,3124839.692276849,70083740.23409876,2710.4504137430713,True,9,1,77.94336479617206,38.889990323702904,164.70858134688547,376,383,8828.702750704158,17,25,8,69,75,2.525463812892172,1.525463812892172,1.4356522690459024,0.4356522690459025,1.309939951215246,0.3099399512152461,1.1052246337662575,0.10522463376625736,1.3076346042326497,0.3076346042326496,7.772256900003413,172.74609375,177.3984375,4.65234375,,
TS1,spine,2.0,0,8,10,155.88672959234412,0.05751321950105999,2378,4788,3124839.692276849,70083740.23409876,2710.4504137430713,True,9,1,77.94336479617206,38.889990323702904,164.70858134688547,376,383,8828.702750704158,17,25,8,69,75,2.3881989853425667,1.3881989853425667,1.383716525782048,0.38371652578204796,1.38420974662393,0.38420974662393015,1.0912557083190453,0.09125570831904527,1.313111915483551,0.31311191548355105,7.765645500010578,176.359375,176.359375,0.0,,
TS1,spine,2.0,0,9,10,155.88672959234412,0.05751321950105999,2378,4788,3124839.692276849,70083740.23409876,2710.4504137430713,True,9,1,77.94336479617206,38.889990323702904,164.70858134688547,376,383,8828.702750704158,17,25,8,69,75,2.5274616313962066,1.5274616313962066,1.422191916516128,0.422191916516128,1.3964335057678148,0.3964335057678147,1.107021870581285,0.107021870581285,1.3252323233369936,0.32523232333699365,7.763938600022811,174.1328125,177.4140625,3.28125,,
TS1,spine,2.0,1,0,10,155.88672959234412,0.05751321950105999,2378,4788,3124839.692276849,70083740.23409876,2710.4504137430713,True,9,1,77.94336479617206,38.889990323702904,164.70858134688547,376,383,8828.702750704158,17,25,8,78,84,2.3697985287317396,1.3697985287317398,1.408087023049789,0.408087023049789,1.189176379936442,0.18917637993644212,1.0838333920591428,0.08383339205914281,1.2750251604423233,0.2750251604423233,5.904447099979734,168.5625,171.3828125,2.8203125,,
TS1,spine,2.0,1,1,10,155.88672959234412,0.05751321950105999,2378,4788,3124839.692276849,70083740.23409876,2710.4504137430713,True,9,1,77.94336479617206,38.889990323702904,164.70858134688547,376,383,8828.702750704158,17,25,8,78,84,2.5924051536100925,1.5924051536100923,1.4619010426501493,0.4619010426501494,1.5351861552444583,0.5351861552444583,1.1581150514813499,0.15811505148134986,1.2899841237852183,0.28998412378521826,7.690437200013548,168.2734375,172.328125,4.0546875,,
TS1,spine,2.0,1,2,10,155.88672959234412,0.05751321950105999,2378,4788,3124839.692276849,70083740.23409876,2710.4504137430713,True,9,1,77.94336479617206,38.889990323702904,164.70858134688547,376,383,8828.702750704158,17,25,8,78,84,2.4797942184039945,1.4797942184039943,1.4221407804164712,0.42214078041647113,1.4844311475376755,0.4844311475376755,1.1288627321938547,0.12886273219385475,1.2915615245506127,0.2915615245506126,7.775587299984181,169.33203125,173.0546875,3.72265625,,
TS1,spine,2.0,1,3,10,155.88672959234412,0.05751321950105999,2378,4788,3124839.692276849,70083740.23409876,2710.4504137430713,True,9,1,77.94336479617206,38.889990323702904,164.70858134688547,376,383,8828.702750704158,17,25,8,78,84,2.5640467004091576,1.5640467004091574,1.4432609218209573,0.4432609218209574,1.4077231207295036,0.4077231207295035,1.1234367582659106,0.1234367582659107,1.3025301525579966,0.30253015255799665,7.67772460001288,173.03515625,174.50390625,1.46875,,
TS1,spine,2.0,1,4,10,155.88672959234412,0.05751321950105999,2378,4788,3124839.692276849,70083740.23409876,2710.4504137430713,True,9,1,77.94336479617206,38.889990323702904,164.70858134688547,376,383,8828.702750704158,17,25,8,78,84,2.515754241114483,1.5157542411144829,1.4360713932531104,0.4360713932531105,1.3847402118270244,0.3847402118270245,1.1147089507183958,0.1147089507183959,1.2916457468824827,0.29164574688248274,7.621197800006485,171.484375,174.0078125,2.5234375,,
TS1,spine,2.0,1,5,10,155.88672959234412,0.05751321950105999,2378,4788,3124839.692276849,70083740.23409876,2710.4504137430713,True,9,1,77.94336479617206,38.889990323702904,164.70858134688547,376,383,8828.702750704158,17,25,8,78,84,2.5350268470589765,1.5350268470589767,1.4469202179673684,0.4469202179673684,1.473139147063416,0.47313914706341603,1.1408439721432064,0.14084397214320643,1.2863629066191111,0.2863629066191112,7.649038300005486,171.5546875,174.1171875,2.5625,,
TS1,spine,2.0,1,6,10,155.88672959234412,0.05751321950105999,2378,4788,3124839.692276849,70083740.23409876,2710.4504137430713,True,9,1,77.94336479617206,38.889990323702904,164.70858134688547,376,383,8828.702750704158,17,25,8,78,84,2.3031439891099588,1.3031439891099585,1.391130424793575,0.3911304247935749,1.0243323194544705,0.02433231945447048,1.0479226595567757,0.04792265955677564,1.2777074869928031,0.2777074869928032,4.534755000000587,172.46484375,175.31640625,2.8515625,,
TS1,spine,2.0,1,7,10,155.88672959234412,0.05751321950105999,2378,4788,3124839.692276849,70083740.23409876,2710.4504137430713,True,9,1,77.94336479617206,38.889990323702904,164.70858134688547,376,383,8828.702750704158,17,25,8,78,84,2.572904499490788,1.5729044994907881,1.456859367502632,0.456859367502632,1.3573806378138622,0.3573806378138623,1.126431732222987,0.12643173222298704,1.2899406784505387,0.2899406784505387,7.772256900003413,172.74609375,177.3984375,4.65234375,,
TS1,spine,2.0,1,8,10,155.88672959234412,0.05751321950105999,2378,4788,3124839.692276849,70083740.23409876,2710.4504137430713,True,9,1,77.94336479617206,38.889990323702904,164.70858134688547,376,383,8828.702750704158,17,25,8,78,84,2.4356991003491233,1.435699100349123,1.4049898417987448,0.4049898417987447,1.4317098616304866,0.4317098616304866,1.1125290243357422,0.11252902433574229,1.2954560748930244,0.29545607489302433,7.765645500010578,176.359375,176.359375,0.0,,
TS1,spine,2.0,1,9,10,155.88672959234412,0.05751321950105999,2378,4788,3124839.692276849,70083740.23409876,2710.4504137430713,True,9,1,77.94336479617206,38.889990323702904,164.70858134688547,376,383,8828.702750704158,17,25,8,78,84,2.574249076802417,1.5742490768024169,1.4432873999939329,0.4432873999939329,1.4432209511740244,0.44322095117402444,1.1281173540590905,0.12811735405909055,1.30677656591849,0.3067765659184901,7.763938600022811,174.1328125,177.4140625,3.28125,,
TS2,spine,2.0,0,0,10,145.54880793195986,0.23595653819212728,508,1016,209546.08322919015,3764802.054484278,616.8458354540146,True,1,1,72.77440396597993,31.138173893996544,120.34362546721954,122,122,657.7528570120653,4,4,1,7,7,1.8727417493419167,0.8727417493419166,1.1581826366535601,0.15818263665356003,1.3935947989526172,0.39359479895261723,0.9767481354367099,-0.023251864563290134,1.4193451311825793,0.4193451311825794,0.51692299998831,175.44140625,175.64453125,0.203125,,
TS2,spine,2.0,0,1,10,145.54880793195986,0.23595653819212728,508,1016,209546.08322919015,3764802.054484278,616.8458354540146,True,1,1,72.77440396597993,31.138173893996544,120.34362546721954,122,122,657.7528570120653,4,4,1,7,7,1.8460873382393055,0.8460873382393056,1.1481647696172839,0.14816476961728384,1.3651836430302169,0.36518364303021683,0.9668632621047317,-0.0331367378952683,1.4226589511244128,0.42265895112441276,0.5235847999865655,175.625,175.67578125,0.05078125,,
TS2,spine,2.0,0,2,10,145.54880793195986,0.23595653819212728,508,1016,209546.08322919015,3764802.054484278,616.8458354540146,True,1,1,72.77440396597993,31.138173893996544,120.34362546721954,122,122,657.7528570120653,4,4,1,7,7,1.9143626798531648,0.9143626798531649,1.1859384483004347,0.18593844830043477,1.450335740968015,0.45033574096801504,1.0095251178717692,0.009525117871769174,1.3913282046076259,0.39132820460762585,0.41118910000659525,175.65625,175.69921875,0.04296875,,
TS2,spine,2.0,0,3,10,145.54880793195986,0.23595653819212728,508,1016,209546.08322919015,3764802.054484278,616.8458354540146,True,1,1,72.77440396597993,31.138173893996544,120.34362546721954,122,122,657.7528570120653,4,4,1,7,7,1.856771092647923,0.8567710926479231,1.155996784191448,0.15599678419144808,1.3719688857997032,0.37196888579970333,0.9741896129435406,-0.025810387056459435,1.4125162255227803,0.4125162255227802,0.5122122000029776,175.68359375,175.70703125,0.0234375,,
TS2,spine,2.0,0,4,10,145.54880793195986,0.23595653819212728,508,1016,209546.08322919015,3764802.054484278,616.8458354540146,True,1,1,72.77440396597993,31.138173893996544,120.34362546721954,122,122,657.7528570120653,4,4,1,7,7,1.8576030883721262,0.8576030883721262,1.1651887520643414,0.16518875206434128,1.3722574235816625,0.3722574235816624,0.9827478906239775,-0.017252109376022517,1.3939850333985713,0.39398503339857127,0.5251103999908082,175.68359375,175.703125,0.01953125,,
TS2,spine,2.0,0,5,10,145.54880793195986,0.23595653819212728,508,1016,209546.08322919015,3764802.054484278,616.8458354540146,True,1,1,72.77440396597993,31.138173893996544,120.34362546721954,122,122,657.7528570120653,4,4,1,7,7,1.8828520991226787,0.8828520991226788,1.1617485647358283,0.1617485647358284,1.3555570432330735,0.3555570432330735,0.9703308364196144,-0.029669163580385665,1.4229834711982225,0.42298347119822244,0.5596151999779977,175.68359375,175.703125,0.01953125,,
TS2,spine,2.0,0,6,10,145.54880793195986,0.23595653819212728,508,1016,209546.08322919015,3764802.054484278,616.8458354540146,True,1,1,72.77440396597993,31.138173893996544,120.34362546721954,122,122,657.7528570120653,4,4,1,7,7,1.759100266098268,0.759100266098268,1.133088561771985,0.13308856177198497,1.3276162868490622,0.3276162868490621,0.9689739134072394,-0.03102608659276065,1.395106199397924,0.39510619939792385,0.5226691999996547,175.68359375,175.703125,0.01953125,,
TS2,spine,2.0,0,7,10,145.54880793195986,0.23595653819212728,508,1016,209546.08322919015,3764802.054484278,616.8458354540146,True,1,1,72.77440396597993,31.138173893996544,120.34362546721954,122,122,657.7528570120653,4,4,1,7,7,1.771289751935176,0.7712897519351761,1.1398203954030246,0.13982039540302468,1.3313668947707578,0.3313668947707577,0.973654621181177,-0.026345378818823005,1.3902282696511927,0.3902282696511926,0.5392844000016339,175.68359375,175.703125,0.01953125,,
TS2,spine,2.0,0,8,10,145.54880793195986,0.23595653819212728,508,1016,209546.08322919015,3764802.054484278,616.8458354540146,True,1,1,72.77440396597993,31.138173893996544,120.34362546721954,122,122,657.7528570120653,4,4,1,7,7,1.732663211661808,0.7326632116618079,1.1197611866734265,0.1197611866734266,1.2765034688975172,0.2765034688975172,0.9446579552687762,-0.055342044731223866,1.399597777787629,0.39959777778762906,0.4038443999888841,175.68359375,175.77734375,0.09375,,
TS2,spine,2.0,0,9,10,145.54880793195986,0.23595653819212728,508,1016,209546.08322919015,3764802.054484278,616.8458354540146,True,1,1,72.77440396597993,31.138173893996544,120.34362546721954,122,122,657.7528570120653,4,4,1,7,7,1.680041415594133,0.680041415594133,1.101751552104721,0.1017515521047209,1.244028698129765,0.244028698129765,0.9359267988031353,-0.06407320119686463,1.4010345291627864,0.4010345291627863,0.5505283999955282,175.76171875,175.78125,0.01953125,,
TS2,spine,2.0,1,0,10,145.54880793195986,0.23595653819212728,508,1016,209546.08322919015,3764802.054484278,616.8458354540146,True,1,1,72.77440396597993,31.138173893996544,120.34362546721954,122,122,657.7528570120653,4,4,1,9,9,1.9065633082899727,0.9065633082899727,1.1851446107127523,0.1851446107127523,1.4274163579006733,0.4274163579006733,1.0037101094959022,0.003710109495902131,1.3783661644364367,0.37836616443643667,0.51692299998831,175.44140625,175.64453125,0.203125,,
TS2,spine,2.0,1,1,10,145.54880793195986,0.23595653819212728,508,1016,209546.08322919015,3764802.054484278,616.8458354540146,True,1,1,72.77440396597993,31.138173893996544,120.34362546721954,122,122,657.7528570120653,4,4,1,9,9,1.8799486401469747,0.8799486401469747,1.1751656211369357,0.17516562113693568,1.399044944937886,0.399044944937886,0.9938641136243835,-0.006135886375616455,1.3816166517589548,0.3816166517589547,0.5235847999865655,175.625,175.67578125,0.05078125,,
TS2,spine,2.0,1,2,10,145.54880793195986,0.23595653819212728,508,1016,209546.08322919015,3764802.054484278,616.8458354540146,True,1,1,72.77440396597993,31.138173893996544,120.34362546721954,122,122,657.7528570120653,4,4,1,9,9,1.9482045903134806,0.9482045903134806,1.2129187107733221,0.21291871077332222,1.4841776514283307,0.48417765142833075,1.0365053803446567,0.036505380344656634,1.3518476212181134,0.3518476212181133,0.41118910000659525,175.65625,175.69921875,0.04296875,,
TS2,spine,2.0,1,3,10,145.54880793195986,0.23595653819212728,508,1016,209546.08322919015,3764802.054484278,616.8458354540146,True,1,1,72.77440396597993,31.138173893996544,120.34362546721954,122,122,657.7528570120653,4,4,1,9,9,1.890547614191323,0.8905476141913228,1.182930043676169,0.18293004367616883,1.405745407343103,0.40574540734310305,1.0011228724282613,0.0011228724282613155,1.3719391984902776,0.3719391984902775,0.5122122000029776,175.68359375,175.70703125,0.0234375,,
TS2,spine,2.0,1,4,10,145.54880793195986,0.23595653819212728,508,1016,209546.08322919015,3764802.054484278,616.8458354540146,True,1,1,72.77440396597993,31.138173893996544,120.34362546721954,122,122,657.7528570120653,4,4,1,9,9,1.891599456161696,0.8915994561616961,1.1922284498658415,0.1922284498658415,1.4062537913712323,0.4062537913712323,1.0097875884254777,0.0097875884254777,1.3543515344696402,0.35435153446964024,0.5251103999908082,175.68359375,175.703125,0.01953125,,
TS2,spine,2.0,1,5,10,145.54880793195986,0.23595653819212728,508,1016,209546.08322919015,3764802.054484278,616.8458354540146,True,1,1,72.77440396597993,31.138173893996544,120.34362546721954,122,122,657.7528570120653,4,4,1,9,9,1.9167053752397185,0.9167053752397185,1.188732215194453,0.18873221519445305,1.3894103193501133,0.3894103193501133,0.997314486878239,-0.0026855131217610262,1.3823888126984971,0.382388812698497,0.5596151999779977,175.68359375,175.703125,0.01953125,,
TS2,spine,2.0,1,6,10,145.54880793195986,0.23595653819212728,508,1016,209546.08322919015,3764802.054484278,616.8458354540146,True,1,1,72.77440396597993,31.138173893996544,120.34362546721954,122,122,657.7528570120653,4,4,1,9,9,1.792831610834266,0.792831610834266,1.1600341846594548,0.16003418465945474,1.3613476315850601,0.36134763158506017,0.9959195362947091,-0.004080463705290884,1.3565388439331318,0.3565388439331319,0.5226691999996547,175.68359375,175.703125,0.01953125,,
TS2,spine,2.0,1,7,10,145.54880793195986,0.23595653819212728,508,1016,209546.08322919015,3764802.054484278,616.8458354540146,True,1,1,72.77440396597993,31.138173893996544,120.34362546721954,122,122,657.7528570120653,4,4,1,9,9,1.805182814043155,0.8051828140431548,1.166842984358497,0.16684298435849704,1.3652599568787365,0.36525995687873647,1.0006772101366495,0.0006772101366493451,1.3518852967628907,0.35188529676289065,0.5392844000016339,175.68359375,175.703125,0.01953125,,
TS2,spine,2.0,1,8,10,145.54880793195986,0.23595653819212728,508,1016,209546.08322919015,3764802.054484278,616.8458354540146,True,1,1,72.77440396597993,31.138173893996544,120.34362546721954,122,122,657.7528570120653,4,4,1,9,9,1.7663359072849667,0.7663359072849667,1.1466606477322743,0.14666064773227425,1.310176164520676,0.310176164520676,0.9715574163276238,-0.028442583672376207,1.3600154385348746,0.36001543853487455,0.4038443999888841,175.68359375,175.77734375,0.09375,,
TS2,spine,2.0,1,9,10,145.54880793195986,0.23595653819212728,508,1016,209546.08322919015,3764802.054484278,616.8458354540146,True,1,1,72.77440396597993,31.138173893996544,120.34362546721954,122,122,657.7528570120653,4,4,1,9,9,1.713822449437429,0.713822449437429,1.128720704217652,0.12872070421765192,1.277809731973061,0.277809731973061,0.9628959509160664,-0.037104049083933596,1.361971970762059,0.36197197076205906,0.5505283999955282,175.76171875,175.78125,0.01953125,,
TS3,spine,2.0,0,0,10,186.80798549161113,0.09774160852500531,8008,16058,3150472.63330633,84287550.97597824,1911.243208605677,False,,3,93.40399274580557,42.852431682542075,177.90413601231722,714,723,10391.084203830545,36,47,10,70,77,2.554751688519769,1.554751688519769,1.5411875525172147,0.5411875525172146,0.89635133166414,-0.10364866833585996,1.0775013713711743,0.07750137137117424,1.1868629702776767,0.1868629702776767,15.634683599986602,192.71484375,228.8046875,36.08984375,,
TS3,spine,2.0,0,1,10,186.80798549161113,0.09774160852500531,8008,16058,3150472.63330633,84287550.97597824,1911.243208605677,False,,3,93.40399274580557,42.852431682542075,177.90413601231722,714,723,10391.084203830545,36,47,10,70,77,2.3564320937245036,1.3564320937245038,1.540009849825564,0.5400098498255641,0.887548818362164,-0.1124511816378359,1.1137493575967077,0.1137493575967076,1.1194945992299954,0.11949459922999542,15.801670599990757,190.59765625,252.5,61.90234375,,
TS3,spine,2.0,0,2,10,186.80798549161113,0.09774160852500531,8008,16058,3150472.63330633,84287550.97597824,1911.243208605677,False,,3,93.40399274580557,42.852431682542075,177.90413601231722,714,723,10391.084203830545,36,47,10,70,77,2.5096409800522257,1.5096409800522257,1.5452642157585903,0.5452642157585902,0.9724832848216631,-0.027516715178336874,1.1004378205560543,0.10043782055605442,1.1686027237507874,0.1686027237507875,15.799913399998331,197.953125,231.125,33.171875,,
TS3,spine,2.0,0,3,10,186.80798549161113,0.09774160852500531,8008,16058,3150472.63330633,84287550.97597824,1911.243208605677,False,,3,93.40399274580557,42.852431682542075,177.90413601231722,714,723,10391.084203830545,36,47,10,70,77,2.38515956449621,1.3851595644962102,1.5492374471461072,0.5492374471461071,0.4780342674003027,-0.5219657325996973,1.0585632635133824,0.05856326351338246,1.1146666007959285,0.11466660079592852,15.740279299992835,198.6484375,238.66015625,40.01171875,,
TS3,spine,2.0,0,4,10,186.80798549161113,0.09774160852500531,8008,16058,3150472.63330633,84287550.97597824,1911.243208605677,False,,3,93.40399274580557,42.852431682542075,177.90413601231722,714,723,10391.084203830545,36,47,10,70,77,3.016607412450025,2.016607412450025,1.7509505020818725,0.7509505020818726,1.0457505660700828,0.04575056607008279,1.2334002238666402,0.2334002238666401,1.148934074952412,0.14893407495241198,11.43404210000881,199.84375,244.66796875,44.82421875,,
TS3,spine,2.0,0,5,10,186.80798549161113,0.09774160852500531,8008,16058,3150472.63330633,84287550.97597824,1911.243208605677,False,,3,93.40399274580557,42.852431682542075,177.90413601231722,714,723,10391.084203830545,36,47,10,70,77,2.263737982322977,1.2637379823229773,1.5326727364964874,0.5326727364964875,0.933131304004282,-0.06686869599571797,1.1182473778857072,0.11824737788570713,1.0818546039170736,0.08185460391707367,16.493749699991895,199.73828125,253.4453125,53.70703125,,
TS3,spine,2.0,0,6,10,186.80798549161113,0.09774160852500531,8008,16058,3150472.63330633,84287550.97597824,1911.243208605677,False,,3,93.40399274580557,42.852431682542075,177.90413601231722,714,723,10391.084203830545,36,47,10,70,77,2.785104486523356,1.7851044865233558,1.6091067456914905,0.6091067456914905,0.883778027687543,-0.116221972312457,1.1019811776635031,0.10198117766350316,1.2072456795824573,0.20724567958245724,11.685071599989897,201.265625,251.875,50.609375,,
TS3,spine,2.0,0,7,10,186.80798549161113,0.09774160852500531,8008,16058,3150472.63330633,84287550.97597824,1911.243208605677,False,,3,93.40399274580557,42.852431682542075,177.90413601231722,714,723,10391.084203830545,36,47,10,70,77,2.5580618458682687,1.558061845868269,1.552739221482967,0.552739221482967,0.38889859611607236,-0.6111014038839276,1.0110647562097017,0.011064756209701716,1.179356595571813,0.17935659557181308,17.0192318999907,201.32421875,246.56640625,45.2421875,,
TS3,spine,2.0,0,8,10,186.80798549161113,0.09774160852500531,8008,16058,3150472.63330633,84287550.97597824,1911.243208605677,False,,3,93.40399274580557,42.852431682542075,177.90413601231722,714,723,10391.084203830545,36,47,10,70,77,2.4502595424768776,1.4502595424768776,1.5573588479385616,0.5573588479385616,0.6251198444782773,-0.37488015552172277,1.0702028085482744,0.07020280854827442,1.126069025025141,0.12606902502514103,17.065189399989322,202.41796875,256.5859375,54.16796875,,
TS3,spine,2.0,0,9,10,186.80798549161113,0.09774160852500531,8008,16058,3150472.63330633,84287550.97597824,1911.243208605677,False,,3,93.40399274580557,42.852431682542075,177.90413601231722,714,723,10391.084203830545,36,47,10,70,77,2.743784528833103,1.7437845288331026,1.6321363292164546,0.6321363292164546,0.6172418793053163,-0.3827581206946838,1.094436538667137,0.0944365386671372,1.161442060719461,0.1614420607194612,16.59087260000524,203.125,246.5703125,43.4453125,,
TS3,spine,2.0,1,0,10,186.80798549161113,0.09774160852500531,8008,16058,3150472.63330633,84287550.97597824,1911.243208605677,False,,3,93.40399274580557,42.852431682542075,177.90413601231722,714,723,10391.084203830545,36,47,10,80,87,2.599100850225382,1.5991008502253823,1.5668626249223347,0.5668626249223346,0.9407004933697528,-0.05929950663024717,1.1031764437762952,0.10317644377629527,1.1637795672388178,0.16377956723881792,15.634683599986602,192.71484375,228.8046875,36.08984375,,
TS3,spine,2.0,1,1,10,186.80798549161113,0.09774160852500531,8008,16058,3150472.63330633,84287550.97597824,1911.243208605677,False,,3,93.40399274580557,42.852431682542075,177.90413601231722,714,723,10391.084203830545,36,47,10,80,87,2.4053933500203435,1.4053933500203437,1.5669098501322407,0.5669098501322406,0.9365100746580043,-0.06348992534199567,1.1406493579033838,0.14064935790338393,1.1002037434686032,0.10020374346860306,15.801670599990757,190.59765625,252.5,61.90234375,,
TS3,spine,2.0,1,2,10,186.80798549161113,0.09774160852500531,8008,16058,3150472.63330633,84287550.97597824,1911.243208605677,False,,3,93.40399274580557,42.852431682542075,177.90413601231722,714,723,10391.084203830545,36,47,10,80,87,2.555771695828963,1.555771695828963,1.5714184244811726,0.5714184244811726,1.0186140005984003,0.01861400059840029,1.1265920292786367,0.12659202927863666,1.1465268424089377,0.14652684240893762,15.799913399998331,197.953125,231.125,33.171875,,
TS3,spine,2.0,1,3,10,186.80798549161113,0.09774160852500531,8008,16058,3150472.63330633,84287550.97597824,1911.243208605677,False,,3,93.40399274580557,42.852431682542075,177.90413601231722,714,723,10391.084203830545,36,47,10,80,87,2.4398409265639462,1.4398409265639465,1.5775739410677878,0.5775739410677879,0.5327156294680393,-0.4672843705319607,1.0868997574350632,0.08689975743506324,1.095512775579394,0.09551277557939399,15.740279299992835,198.6484375,238.66015625,40.01171875,,
TS3,spine,2.0,1,4,10,186.80798549161113,0.09774160852500531,8008,16058,3150472.63330633,84287550.97597824,1911.243208605677,False,,3,93.40399274580557,42.852431682542075,177.90413601231722,714,723,10391.084203830545,36,47,10,80,87,3.0846197077252056,2.0846197077252056,1.7823580374894217,0.7823580374894216,1.1137628613452635,0.11376286134526337,1.2648077592741893,0.2648077592741892,1.127216181139456,0.12721618113945618,11.43404210000881,199.84375,244.66796875,44.82421875,,
TS3,spine,2.0,1,5,10,186.80798549161113,0.09774160852500531,8008,16058,3150472.63330633,84287550.97597824,1911.243208605677,False,,3,93.40399274580557,42.852431682542075,177.90413601231722,714,723,10391.084203830545,36,47,10,80,87,2.3052848014111778,1.3052848014111775,1.5575579595200284,0.5575579595200283,0.9746781230924823,-0.025321876907517755,1.1431326009092473,0.1431326009092474,1.0635924164566748,0.0635924164566748,16.493749699991895,199.73828125,253.4453125,53.70703125,,
TS3,spine,2.0,1,6,10,186.80798549161113,0.09774160852500531,8008,16058,3150472.63330633,84287550.97597824,1911.243208605677,False,,3,93.40399274580557,42.852431682542075,177.90413601231722,714,723,10391.084203830545,36,47,10,80,87,2.825795330214895,1.825795330214895,1.633749808468989,0.633749808468989,0.9244688713790821,-0.07553112862091797,1.1266242404410014,0.12662424044100132,1.1834164825531779,0.18341648255317794,11.685071599989897,201.265625,251.875,50.609375,,
TS3,spine,2.0,1,7,10,186.80798549161113,0.09774160852500531,8008,16058,3150472.63330633,84287550.97597824,1911.243208605677,False,,3,93.40399274580557,42.852431682542075,177.90413601231722,714,723,10391.084203830545,36,47,10,80,87,2.6103546638056216,1.6103546638056212,1.5805104341748584,0.5805104341748584,0.44119141405342516,-0.5588085859465749,1.0388359689015936,0.03883596890159362,1.1568158722214674,0.15681587222146745,17.0192318999907,201.32421875,246.56640625,45.2421875,,
TS3,spine,2.0,1,8,10,186.80798549161113,0.09774160852500531,8008,16058,3150472.63330633,84287550.97597824,1911.243208605677,False,,3,93.40399274580557,42.852431682542075,177.90413601231722,714,723,10391.084203830545,36,47,10,80,87,2.495831411874358,1.495831411874358,1.5833722631815619,0.5833722631815619,0.6706917138757577,-0.3293082861242423,1.0962162237912747,0.0962162237912746,1.1054996672771653,0.10549966727716538,17.065189399989322,202.41796875,256.5859375,54.16796875,,
TS3,spine,2.0,1,9,10,186.80798549161113,0.09774160852500531,8008,16058,3150472.63330633,84287550.97597824,1911.243208605677,False,,3,93.40399274580557,42.852431682542075,177.90413601231722,714,723,10391.084203830545,36,47,10,80,87,2.794813785275376,1.7948137852753758,1.6596135049906222,0.6596135049906223,0.6682711357475893,-0.33172886425241066,1.121913714441305,0.12191371444130504,1.1389820060748361,0.13898200607483602,16.59087260000524,203.125,246.5703125,43.4453125,,
TS4,spine,2.0,0,0,10,212.35117861294032,0.07462235229058575,3333,6666,2215914.219802321,62868166.55277329,2845.6778980382023,True,1,1,106.17558930647016,41.758417064935294,197.07375769312816,319,319,6100.133297512871,13,13,1,34,34,1.6988111836145283,0.6988111836145283,1.2089551457435748,0.20895514574357468,1.1857253693496126,0.18572536934961262,1.0327634608853407,0.03276346088534073,1.1955434799114277,0.19554347991142773,5.279899899993325,205.953125,214.640625,8.6875,,
TS4,spine,2.0,0,1,10,212.35117861294032,0.07462235229058575,3333,6666,2215914.219802321,62868166.55277329,2845.6778980382023,True,1,1,106.17558930647016,41.758417064935294,197.07375769312816,319,319,6100.133297512871,13,13,1,34,34,1.7061444955659735,0.7061444955659735,1.2129107444229177,0.21291074442291777,1.1934567963415217,0.1934567963415218,1.0368712650013479,0.036871265001347804,1.1933325723008392,0.19333257230083914,5.329228499991586,205.92578125,205.99609375,0.0703125,,
TS4,spine,2.0,0,2,10,212.35117861294032,0.07462235229058575,3333,6666,2215914.219802321,62868166.55277329,2845.6778980382023,True,1,1,106.17558930647016,41.758417064935294,197.07375769312816,319,319,6100.133297512871,13,13,1,34,34,1.7763789438826947,0.7763789438826946,1.2428560606415617,0.24285606064156184,1.2155284331593603,0.21552843315936043,1.0552155636884086,0.05521556368840871,1.1901159270342292,0.19011592703422908,5.35697190000792,205.4375,206.421875,0.984375,,
TS4,spine,2.0,0,3,10,212.35117861294032,0.07462235229058575,3333,6666,2215914.219802321,62868166.55277329,2845.6778980382023,True,1,1,106.17558930647016,41.758417064935294,197.07375769312816,319,319,6100.133297512871,13,13,1,34,34,1.899954586827048,0.899954586827048,1.2820057473404216,0.2820057473404216,1.2448674458954136,0.24486744589541362,1.075346469014004,0.07534646901400394,1.2074339201442457,0.20743392014424555,2.804783400002634,206.40625,206.40625,0.0,,
TS4,spine,2.0,0,4,10,212.35117861294032,0.07462235229058575,3333,6666,2215914.219802321,62868166.55277329,2845.6778980382023,True,1,1,106.17558930647016,41.758417064935294,197.07375769312816,319,319,6100.133297512871,13,13,1,34,34,1.7941250184361883,0.7941250184361883,1.2496714225935057,0.2496714225935057,1.2117020990870881,0.21170209908708823,1.0577472711224338,0.05774727112243376,1.191649973595123,0.19164997359512304,5.347356400015997,205.23828125,205.23828125,0.0,,
TS4,spine,2.0,0,5,10,212.35117861294032,0.07462235229058575,3333,6666,2215914.219802321,62868166.55277329,2845.6778980382023,True,1,1,106.17558930647016,41.758417064935294,197.07375769312816,319,319,6100.133297512871,13,13,1,34,34,1.7435319369823508,0.7435319369823506,1.2295411991803986,0.22954119918039856,1.2104023735682392,0.21040237356823926,1.0474300901659082,0.0474300901659082,1.1904186201516171,0.19041862015161706,5.240196900005685,201.08984375,205.34765625,4.2578125,,
TS4,spine,2.0,0,6,10,212.35117861294032,0.07462235229058575,3333,6666,2215914.219802321,62868166.55277329,2845.6778980382023,True,1,1,106.17558930647016,41.758417064935294,197.07375769312816,319,319,6100.133297512871,13,13,1,34,34,1.743824065539626,0.7438240655396259,1.2289026044462432,0.2289026044462433,1.2054934329027456,0.20549343290274563,1.0458975660027365,0.045897566002736645,1.192088641412642,0.19208864141264187,5.208314099989366,205.328125,205.4296875,0.1015625,,
TS4,spine,2.0,0,7,10,212.35117861294032,0.07462235229058575,3333,6666,2215914.219802321,62868166.55277329,2845.6778980382023,True,1,1,106.17558930647016,41.758417064935294,197.07375769312816,319,319,6100.133297512871,13,13,1,34,34,1.8017952220374953,0.8017952220374952,1.2466142069006962,0.24661420690069633,1.2575329332088698,0.25753293320886983,1.0622964145509202,0.06229641455092006,1.200188988312845,0.20018898831284498,3.86293800000567,205.3359375,205.5078125,0.171875,,
TS4,spine,2.0,0,8,10,212.35117861294032,0.07462235229058575,3333,6666,2215914.219802321,62868166.55277329,2845.6778980382023,True,1,1,106.17558930647016,41.758417064935294,197.07375769312816,319,319,6100.133297512871,13,13,1,34,34,1.8404687041307202,0.8404687041307201,1.2587286260757027,0.25872862607570274,1.2544922824504499,0.2544922824504498,1.064984134800242,0.06498413480024191,1.2052924214875747,0.20529242148757457,2.7634839999955148,205.21875,205.90625,0.6875,,
TS4,spine,2.0,0,9,10,212.35117861294032,0.07462235229058575,3333,6666,2215914.219802321,62868166.55277329,2845.6778980382023,True,1,1,106.17558930647016,41.758417064935294,197.07375769312816,319,319,6100.133297512871,13,13,1,34,34,1.7742893216782472,0.7742893216782473,1.2408781344640245,0.24087813446402448,1.2152609656077833,0.2152609656077832,1.053669966212131,0.05366996621213096,1.1924660310184716,0.19246603101847148,5.218847500014817,205.88671875,218.71484375,12.828125,,
TS4,spine,2.0,1,0,10,212.35117861294032,0.07462235229058575,3333,6666,2215914.219802321,62868166.55277329,2845.6778980382023,True,1,1,106.17558930647016,41.758417064935294,197.07375769312816,319,319,6100.133297512871,13,13,1,41,41,1.7100624095043893,0.7100624095043893,1.2208070669208644,0.22080706692086427,1.1969765952394738,0.19697659523947364,1.0446153820626303,0.04461538206263034,1.1796195534726563,0.1796195534726564,5.279899899993325,205.953125,214.640625,8.6875,,
TS4,spine,2.0,1,1,10,212.35117861294032,0.07462235229058575,3333,6666,2215914.219802321,62868166.55277329,2845.6778980382023,True,1,1,106.17558930647016,41.758417064935294,197.07375769312816,319,319,6100.133297512871,13,13,1,41,41,1.7174714008356848,0.7174714008356848,1.2248029342732636,0.22480293427326362,1.204783701611233,0.20478370161123313,1.0487634548516938,0.048763454851693665,1.177411395148296,0.17741139514829615,5.329228499991586,205.92578125,205.99609375,0.0703125,,
TS4,spine,2.0,1,2,10,212.35117861294032,0.07462235229058575,3333,6666,2215914.219802321,62868166.55277329,2845.6778980382023,True,1,1,106.17558930647016,41.758417064935294,197.07375769312816,319,319,6100.133297512871,13,13,1,41,41,1.7877013439649017,0.7877013439649017,1.2547526295056768,0.2547526295056768,1.2268508332415675,0.22685083324156746,1.0671121325525237,0.06711213255252364,1.174307178200981,0.17430717820098113,5.35697190000792,205.4375,206.421875,0.984375,,
TS4,spine,2.0,1,3,10,212.35117861294032,0.07462235229058575,3333,6666,2215914.219802321,62868166.55277329,2845.6778980382023,True,1,1,106.17558930647016,41.758417064935294,197.07375769312816,319,319,6100.133297512871,13,13,1,41,41,1.9107802923252362,0.9107802923252362,1.293515688600551,0.29351568860055094,1.2556931513936018,0.2556931513936019,1.0868564102741334,0.08685641027413328,1.1918724118634914,0.1918724118634913,2.804783400002634,206.40625,206.40625,0.0,,
TS4,spine,2.0,1,4,10,212.35117861294032,0.07462235229058575,3333,6666,2215914.219802321,62868166.55277329,2845.6778980382023,True,1,1,106.17558930647016,41.758417064935294,197.07375769312816,319,319,6100.133297512871,13,13,1,41,41,1.805193761022133,0.8051937610221329,1.2613778004146126,0.2613778004146125,1.2227708416730327,0.22277084167303285,1.0694536489435404,0.06945364894354056,1.176076419461882,0.1760764194618821,5.347356400015997,205.23828125,205.23828125,0.0,,
TS4,spine,2.0,1,5,10,212.35117861294032,0.07462235229058575,3333,6666,2215914.219802321,62868166.55277329,2845.6778980382023,True,1,1,106.17558930647016,41.758417064935294,197.07375769312816,319,319,6100.133297512871,13,13,1,41,41,1.754909985043351,0.7549099850433509,1.2414589937207452,0.24145899372074528,1.2217804216292398,0.22178042162923978,1.059347884706255,0.05934788470625493,1.174569407691897,0.1745694076918971,5.240196900005685,201.08984375,205.34765625,4.2578125,,
TS4,spine,2.0,1,6,10,212.35117861294032,0.07462235229058575,3333,6666,2215914.219802321,62868166.55277329,2845.6778980382023,True,1,1,106.17558930647016,41.758417064935294,197.07375769312816,319,319,6100.133297512871,13,13,1,41,41,1.755134904703447,0.755134904703447,1.2407766110961245,0.24077661109612436,1.2168042720665664,0.21680427206656644,1.0577715726526178,0.05777157265261769,1.1762631357504738,0.1762631357504738,5.208314099989366,205.328125,205.4296875,0.1015625,,
TS4,spine,2.0,1,7,10,212.35117861294032,0.07462235229058575,3333,6666,2215914.219802321,62868166.55277329,2845.6778980382023,True,1,1,106.17558930647016,41.758417064935294,197.07375769312816,319,319,6100.133297512871,13,13,1,41,41,1.8128495266061366,0.8128495266061366,1.258296721726679,0.25829672172667884,1.2685872377775111,0.2685872377775112,1.0739789293769026,0.07397892937690259,1.1844121907061227,0.18441219070612258,3.86293800000567,205.3359375,205.5078125,0.171875,,
TS4,spine,2.0,1,8,10,212.35117861294032,0.07462235229058575,3333,6666,2215914.219802321,62868166.55277329,2845.6778980382023,True,1,1,106.17558930647016,41.758417064935294,197.07375769312816,319,319,6100.133297512871,13,13,1,41,41,1.8512667213089768,0.851266721308977,1.2702149683746895,0.2702149683746894,1.2652902996287065,0.26529029962870665,1.0764704770992286,0.07647047709922856,1.1896633745344227,0.18966337453442264,2.7634839999955148,205.21875,205.90625,0.6875,,
TS4,spine,2.0,1,9,10,212.35117861294032,0.07462235229058575,3333,6666,2215914.219802321,62868166.55277329,2845.6778980382023,True,1,1,106.17558930647016,41.758417064935294,197.07375769312816,319,319,6100.133297512871,13,13,1,41,41,1.7855581137538696,0.7855581137538697,1.2527142660371466,0.25271426603714664,1.2265297576834058,0.2265297576834057,1.065506097785253,0.0655060977852531,1.176707576217248,0.17670757621724803,5.218847500014817,205.88671875,218.71484375,12.828125,,
TS21,spine,2.0,0,0,10,133.24125033127297,0.1530191833329179,2017,4040,477408.79144877417,7358716.042037744,870.7486697362981,False,,3,66.62062516563648,26.687468526489276,97.88160653127716,251,251,1798.3802200257046,11,11,1,21,21,2.073630757386599,1.0736307573865989,1.2510058208156944,0.2510058208156945,1.3644302009496034,0.3644302009496034,1.0026317910329923,0.0026317910329923195,1.3751535303669913,0.37515353036699134,2.2065013000101317,206.78515625,212.55859375,5.7734375,,
TS21,spine,2.0,0,1,10,133.24125033127297,0.1530191833329179,2017,4040,477408.79144877417,7358716.042037744,870.7486697362981,False,,3,66.62062516563648,26.687468526489276,97.88160653127716,251,251,1798.3802200257046,11,11,1,21,21,1.817382784728207,0.817382784728207,1.1599348761226986,0.15993487612269872,1.2750727377650957,0.2750727377650958,0.9537197551805667,-0.04628024481943326,1.3795367684490223,0.37953676844902234,1.8897017000126652,203.9140625,208.62109375,4.70703125,,
TS21,spine,2.0,0,2,10,133.24125033127297,0.1530191833329179,2017,4040,477408.79144877417,7358716.042037744,870.7486697362981,False,,3,66.62062516563648,26.687468526489276,97.88160653127716,251,251,1798.3802200257046,11,11,1,21,21,2.034414874483786,1.0344148744837862,1.2401198754257943,0.2401198754257943,1.2934495913554658,0.29344959135546583,0.9856179015576337,-0.014382098442366213,1.3740078386128705,0.37400783861287035,1.5445508999982849,208.6015625,208.6015625,0.0,,
TS21,spine,2.0,0,3,10,133.24125033127297,0.1530191833329179,2017,4040,477408.79144877417,7358716.042037744,870.7486697362981,False,,3,66.62062516563648,26.687468526489276,97.88160653127716,251,251,1798.3802200257046,11,11,1,21,21,2.002001409614777,1.002001409614777,1.2303831856749496,0.23038318567494964,1.3693272138587165,0.3693272138587165,1.001655906958641,0.0016559069586409656,1.3643871341098492,0.36438713410984924,2.2280020999896806,207.73828125,207.7578125,0.01953125,,
TS21,spine,2.0,0,4,10,133.24125033127297,0.1530191833329179,2017,4040,477408.79144877417,7358716.042037744,870.7486697362981,False,,3,66.62062516563648,26.687468526489276,97.88160653127716,251,251,1798.3802200257046,11,11,1,21,21,1.9632340338248946,0.9632340338248946,1.2122211662337095,0.21222116623370949,1.3283282819073836,0.32832828190738356,0.9805649773961201,-0.01943502260387984,1.3740281339743639,0.37402813397436385,2.2628445000154898,203.75,207.71484375,3.96484375,,
TS21,spine,2.0,0,5,10,133.24125033127297,0.1530191833329179,2017,4040,477408.79144877417,7358716.042037744,870.7486697362981,False,,3,66.62062516563648,26.687468526489276,97.88160653127716,251,251,1798.3802200257046,11,11,1,21,21,2.074633167475831,1.0746331674758307,1.2529814920818416,0.25298149208184156,1.3238287888396314,0.3238287888396314,0.9961393890339306,-0.003860610966069416,1.3756615042950382,0.37566150429503825,1.500725500023691,207.45703125,209.14453125,1.6875,,
TS21,spine,2.0,0,6,10,133.24125033127297,0.1530191833329179,2017,4040,477408.79144877417,7358716.042037744,870.7486697362981,False,,3,66.62062516563648,26.687468526489276,97.88160653127716,251,251,1798.3802200257046,11,11,1,21,21,1.9580318363585474,0.9580318363585473,1.2163374835762626,0.21633748357626253,1.2880766168042561,0.28807661680425617,0.978610590257209,-0.021389409742791004,1.3661252840105302,0.36612528401053024,2.2886272000032477,203.51953125,207.875,4.35546875,,
TS21,spine,2.0,0,7,10,133.24125033127297,0.1530191833329179,2017,4040,477408.79144877417,7358716.042037744,870.7486697362981,False,,3,66.62062516563648,26.687468526489276,97.88160653127716,251,251,1798.3802200257046,11,11,1,21,21,2.0495734163103156,1.0495734163103156,1.2472347915305455,0.24723479153054556,1.3594341536619088,0.3594341536619088,1.0036689330837494,0.0036689330837493947,1.3661759034737424,0.3661759034737424,2.174175299995113,207.85546875,207.92578125,0.0703125,,
TS21,spine,2.0,0,8,10,133.24125033127297,0.1530191833329179,2017,4040,477408.79144877417,7358716.042037744,870.7486697362981,False,,3,66.62062516563648,26.687468526489276,97.88160653127716,251,251,1798.3802200257046,11,11,1,21,21,2.0950758465097694,1.0950758465097694,1.2625656045400393,0.2625656045400394,1.4053368249020208,0.40533682490202094,1.0193455002364675,0.019345500236467514,1.363563136273557,0.3635631362735571,1.7409841000044253,207.890625,208.55859375,0.66796875,,
TS21,spine,2.0,0,9,10,133.24125033127297,0.1530191833329179,2017,4040,477408.79144877417,7358716.042037744,870.7486697362981,False,,3,66.62062516563648,26.687468526489276,97.88160653127716,251,251,1798.3802200257046,11,11,1,21,21,2.1141791745800393,1.1141791745800391,1.265022559538323,0.2650225595383231,1.3507153297854309,0.35071532978543074,1.003394291204492,0.003394291204492063,1.37381040454724,0.37381040454723985,2.2887763000035193,207.484375,207.6171875,0.1328125,,
TS21,spine,2.0,1,0,10,133.24125033127297,0.1530191833329179,2017,4040,477408.79144877417,7358716.042037744,870.7486697362981,False,,3,66.62062516563648,26.687468526489276,97.88160653127716,251,251,1798.3802200257046,11,11,1,28,28,2.1018380906168472,1.101838090616847,1.2764872555177484,0.2764872555177484,1.3926375341798516,0.39263753417985164,1.0281132257350463,0.028113225735046318,1.3366494760677972,0.3366494760677971,2.2065013000101317,206.78515625,212.55859375,5.7734375,,
TS21,spine,2.0,1,1,10,133.24125033127297,0.1530191833329179,2017,4040,477408.79144877417,7358716.042037744,870.7486697362981,False,,3,66.62062516563648,26.687468526489276,97.88160653127716,251,251,1798.3802200257046,11,11,1,28,28,1.8453921667613857,0.8453921667613857,1.1853354385570425,0.18533543855704251,1.3030821197982745,0.3030821197982745,0.9791203176149105,-0.02087968238508957,1.3406512342763868,0.3406512342763867,1.8897017000126652,203.9140625,208.62109375,4.70703125,,
TS21,spine,2.0,1,2,10,133.24125033127297,0.1530191833329179,2017,4040,477408.79144877417,7358716.042037744,870.7486697362981,False,,3,66.62062516563648,26.687468526489276,97.88160653127716,251,251,1798.3802200257046,11,11,1,28,28,2.065118249653632,1.065118249653632,1.2668069597835028,0.2668069597835028,1.3241529665253116,0.3241529665253116,1.0123049859153421,0.012304985915342221,1.3348274016674455,0.33482740166744557,1.5445508999982849,208.6015625,208.6015625,0.0,,
TS21,spine,2.0,1,3,10,133.24125033127297,0.1530191833329179,2017,4040,477408.79144877417,7358716.042037744,870.7486697362981,False,,3,66.62062516563648,26.687468526489276,97.88160653127716,251,251,1798.3802200257046,11,11,1,28,28,2.0291953638399223,1.0291953638399223,1.2554668293621953,0.2554668293621953,1.396521168083862,0.39652116808386195,1.0267395506458867,0.02673955064588675,1.3262013218026178,0.32620132180261785,2.2280020999896806,207.73828125,207.7578125,0.01953125,,
TS21,spine,2.0,1,4,10,133.24125033127297,0.1530191833329179,2017,4040,477408.79144877417,7358716.042037744,870.7486697362981,False,,3,66.62062516563648,26.687468526489276,97.88160653127716,251,251,1798.3802200257046,11,11,1,28,28,1.996051126091139,0.996051126091139,1.239917600353542,0.23991760035354204,1.3611453741736284,0.36114537417362824,1.0082614115159523,0.00826141151595233,1.333277499006433,0.33327749900643305,2.2628445000154898,203.75,207.71484375,3.96484375,,
TS21,spine,2.0,1,5,10,133.24125033127297,0.1530191833329179,2017,4040,477408.79144877417,7358716.042037744,870.7486697362981,False,,3,66.62062516563648,26.687468526489276,97.88160653127716,251,251,1798.3802200257046,11,11,1,28,28,2.105457042321396,1.1054570423213963,1.2797236658179356,0.2797236658179356,1.3546526636851968,0.3546526636851969,1.0228815627700245,0.0228815627700244,1.3363595743913566,0.3363595743913565,1.500725500023691,207.45703125,209.14453125,1.6875,,
TS21,spine,2.0,1,6,10,133.24125033127297,0.1530191833329179,2017,4040,477408.79144877417,7358716.042037744,870.7486697362981,False,,3,66.62062516563648,26.687468526489276,97.88160653127716,251,251,1798.3802200257046,11,11,1,28,28,1.9905881517133728,0.9905881517133728,1.2438784267938474,0.24387842679384752,1.3206329321590817,0.3206329321590816,1.006151533474794,0.006151533474793982,1.326360022746365,0.32636002274636494,2.2886272000032477,203.51953125,207.875,4.35546875,,
TS21,spine,2.0,1,7,10,133.24125033127297,0.1530191833329179,2017,4040,477408.79144877417,7358716.042037744,870.7486697362981,False,,3,66.62062516563648,26.687468526489276,97.88160653127716,251,251,1798.3802200257046,11,11,1,28,28,2.0788901038065513,1.0788901038065513,1.273328058569749,0.27332805856974907,1.3887508411581444,0.3887508411581443,1.0297622001229525,0.029762200122952408,1.3273755733107644,0.3273755733107643,2.174175299995113,207.85546875,207.92578125,0.0703125,,
TS21,spine,2.0,1,8,10,133.24125033127297,0.1530191833329179,2017,4040,477408.79144877417,7358716.042037744,870.7486697362981,False,,3,66.62062516563648,26.687468526489276,97.88160653127716,251,251,1798.3802200257046,11,11,1,28,28,2.121736367878167,1.1217363678781669,1.2873291918438734,0.28732919184387345,1.4319973462704183,0.43199734627041836,1.0441090875403012,0.04410908754030108,1.3258822699500017,0.32588226995000164,1.7409841000044253,207.890625,208.55859375,0.66796875,,
TS21,spine,2.0,1,9,10,133.24125033127297,0.1530191833329179,2017,4040,477408.79144877417,7358716.042037744,870.7486697362981,False,,3,66.62062516563648,26.687468526489276,97.88160653127716,251,251,1798.3802200257046,11,11,1,28,28,2.1453146619220407,1.1453146619220407,1.2918751789175345,0.29187517891753434,1.3818508171274322,0.3818508171274322,1.030246910583703,0.03024691058370309,1.3341653172176298,0.33416531721762965,2.2887763000035193,207.484375,207.6171875,0.1328125,,
TS24,spine,2.0,0,0,10,189.1896789196748,0.09633710033994342,3331,6666,1351432.4592967639,31208936.931725997,1963.8299082293713,True,2,1,94.5948394598374,37.63860503015996,136.9558575537136,323,324,4307.451132414145,13,15,2,33,34,2.03288907211509,1.03288907211509,1.3730283133938024,0.3730283133938023,1.2901148205469044,0.29011482054690435,1.113449688445258,0.1134496884452581,1.1433125907263744,0.14331259072637437,3.4097035999875516,211.5078125,212.92578125,1.41796875,,
TS24,spine,2.0,0,1,10,189.1896789196748,0.09633710033994342,3331,6666,1351432.4592967639,31208936.931725997,1963.8299082293713,True,2,1,94.5948394598374,37.63860503015996,136.9558575537136,323,324,4307.451132414145,13,15,2,33,34,1.9805486536353387,0.9805486536353387,1.3538435999567697,0.35384359995676984,1.2936071324974774,0.29360713249747744,1.106071793920526,0.10607179392052599,1.1401635797324572,0.14016357973245722,3.971713600010844,212.90625,212.9375,0.03125,,
TS24,spine,2.0,0,2,10,189.1896789196748,0.09633710033994342,3331,6666,1351432.4592967639,31208936.931725997,1963.8299082293713,True,2,1,94.5948394598374,37.63860503015996,136.9558575537136,323,324,4307.451132414145,13,15,2,33,34,2.007754765426525,1.0077547654265253,1.3821613077565775,0.38216130775657764,1.2353013951469458,0.23530139514694573,1.11574590947423,0.11574590947422987,1.1205374991740376,0.12053749917403765,3.957002500013914,211.62890625,212.8125,1.18359375,,
TS24,spine,2.0,0,3,10,189.1896789196748,0.09633710033994342,3331,6666,1351432.4592967639,31208936.931725997,1963.8299082293713,True,2,1,94.5948394598374,37.63860503015996,136.9558575537136,323,324,4307.451132414145,13,15,2,33,34,1.9727550678757462,0.9727550678757461,1.358980378093853,0.3589803780938529,1.2627810736362481,0.2627810736362482,1.1079339754359665,0.10793397543596639,1.1334565244642127,0.1334565244642128,3.9441427999990992,211.703125,211.703125,0.0,,
TS24,spine,2.0,0,4,10,189.1896789196748,0.09633710033994342,3331,6666,1351432.4592967639,31208936.931725997,1963.8299082293713,True,2,1,94.5948394598374,37.63860503015996,136.9558575537136,323,324,4307.451132414145,13,15,2,33,34,1.9691052021004583,0.9691052021004583,1.3356120328822076,0.3356120328822076,1.3227521133030984,0.32275211330309833,1.0980076754675199,0.09800767546751996,1.1555556364929376,0.1555556364929375,3.7184213000000454,211.546875,212.91015625,1.36328125,,
TS24,spine,2.0,0,5,10,189.1896789196748,0.09633710033994342,3331,6666,1351432.4592967639,31208936.931725997,1963.8299082293713,True,2,1,94.5948394598374,37.63860503015996,136.9558575537136,323,324,4307.451132414145,13,15,2,33,34,2.000718751276439,1.0007187512764388,1.3665783084889913,0.3665783084889914,1.2923731115207784,0.29237311152077844,1.1153531980280396,0.11535319802803957,1.1360914961843924,0.13609149618439242,3.968893500015838,211.52734375,214.171875,2.64453125,,
TS24,spine,2.0,0,6,10,189.1896789196748,0.09633710033994342,3331,6666,1351432.4592967639,31208936.931725997,1963.8299082293713,True,2,1,94.5948394598374,37.63860503015996,136.9558575537136,323,324,4307.451132414145,13,15,2,33,34,1.9969760329863064,0.9969760329863063,1.3601172909973471,0.3601172909973472,1.2854125961543157,0.2854125961543156,1.107704170951181,0.10770417095118105,1.1421406059281056,0.14214060592810557,3.888076799979899,213.234375,213.2578125,0.0234375,,
TS24,spine,2.0,0,7,10,189.1896789196748,0.09633710033994342,3331,6666,1351432.4592967639,31208936.931725997,1963.8299082293713,True,2,1,94.5948394598374,37.63860503015996,136.9558575537136,323,324,4307.451132414145,13,15,2,33,34,1.9983188647287962,0.9983188647287962,1.3630709619863792,0.3630709619863793,1.293801333287174,0.29380133328717417,1.1114570681703542,0.11145706817035415,1.1379557378722474,0.13795573787224727,3.8731506999756675,211.55859375,211.96875,0.41015625,,
TS24,spine,2.0,0,8,10,189.1896789196748,0.09633710033994342,3331,6666,1351432.4592967639,31208936.931725997,1963.8299082293713,True,2,1,94.5948394598374,37.63860503015996,136.9558575537136,323,324,4307.451132414145,13,15,2,33,34,2.111135048640042,1.1111350486400424,1.4089920066939134,0.40899200669391345,1.2536485310660108,0.2536485310660107,1.1260893628873776,0.12608936288737763,1.1389212656295238,0.1389212656295238,3.9325393000035547,211.94921875,212.65234375,0.703125,,
TS24,spine,2.0,0,9,10,189.1896789196748,0.09633710033994342,3331,6666,1351432.4592967639,31208936.931725997,1963.8299082293713,True,2,1,94.5948394598374,37.63860503015996,136.9558575537136,323,324,4307.451132414145,13,15,2,33,34,2.0702255411171033,1.070225541117103,1.384676571466523,0.38467657146652307,1.309791662304536,0.30979166230453614,1.121394188216921,0.12139418821692104,1.1457302318755795,0.1457302318755796,3.381915800011484,211.4296875,213.33203125,1.90234375,,
TS24,spine,2.0,1,0,10,189.1896789196748,0.09633710033994342,3331,6666,1351432.4592967639,31208936.931725997,1963.8299082293713,True,2,1,94.5948394598374,37.63860503015996,136.9558575537136,323,324,4307.451132414145,13,15,2,41,42,2.0863242558528685,1.0863242558528687,1.4080979710648471,0.408097971064847,1.343550004284683,0.34355000428468313,1.1485193461163028,0.1485193461163028,1.1112479402189182,0.11124794021891823,3.4097035999875516,211.5078125,212.92578125,1.41796875,,
TS24,spine,2.0,1,1,10,189.1896789196748,0.09633710033994342,3331,6666,1351432.4592967639,31208936.931725997,1963.8299082293713,True,2,1,94.5948394598374,37.63860503015996,136.9558575537136,323,324,4307.451132414145,13,15,2,41,42,2.0336098574540933,1.033609857454093,1.3887658516727295,0.3887658516727294,1.346668336316232,0.3466683363162319,1.1409940456364855,0.14099404563648554,1.1083769804887318,0.10837698048873186,3.971713600010844,212.90625,212.9375,0.03125,,
TS24,spine,2.0,1,2,10,189.1896789196748,0.09633710033994342,3331,6666,1351432.4592967639,31208936.931725997,1963.8299082293713,True,2,1,94.5948394598374,37.63860503015996,136.9558575537136,323,324,4307.451132414145,13,15,2,41,42,2.0618973028788643,1.0618973028788645,1.4175233167777566,0.41752331677775667,1.2894439325992848,0.28944393259928486,1.151107918495409,0.1511079184954089,1.0898834697024515,0.0898834697024516,3.957002500013914,211.62890625,212.8125,1.18359375,,
TS24,spine,2.0,1,3,10,189.1896789196748,0.09633710033994342,3331,6666,1351432.4592967639,31208936.931725997,1963.8299082293713,True,2,1,94.5948394598374,37.63860503015996,136.9558575537136,323,324,4307.451132414145,13,15,2,41,42,2.026136313636975,1.026136313636975,1.3940450137594649,0.39404501375946477,1.316162319397477,0.3161623193974769,1.1429986111015782,0.14299861110157827,1.1023967423079708,0.10239674230797086,3.9441427999990992,211.703125,211.703125,0.0,,
TS24,spine,2.0,1,4,10,189.1896789196748,0.09633710033994342,3331,6666,1351432.4592967639,31208936.931725997,1963.8299082293713,True,2,1,94.5948394598374,37.63860503015996,136.9558575537136,323,324,4307.451132414145,13,15,2,41,42,2.0233793483019324,1.0233793483019322,1.3710464649973397,0.3710464649973398,1.3770262595045724,0.37702625950457236,1.1334421075826522,0.13344210758265213,1.1223711973498922,0.1223711973498923,3.7184213000000454,211.546875,212.91015625,1.36328125,,
TS24,spine,2.0,1,5,10,189.1896789196748,0.09633710033994342,3331,6666,1351432.4592967639,31208936.931725997,1963.8299082293713,True,2,1,94.5948394598374,37.63860503015996,136.9558575537136,323,324,4307.451132414145,13,15,2,41,42,2.0542846691177696,1.0542846691177694,1.4016794011174891,0.40167940111748907,1.345939029362109,0.345939029362109,1.1504542906565371,0.15045429065653726,1.1046461480092127,0.10464614800921276,3.968893500015838,211.52734375,214.171875,2.64453125,,
TS24,spine,2.0,1,6,10,189.1896789196748,0.09633710033994342,3331,6666,1351432.4592967639,31208936.931725997,1963.8299082293713,True,2,1,94.5948394598374,37.63860503015996,136.9558575537136,323,324,4307.451132414145,13,15,2,41,42,2.050712922760675,1.050712922760675,1.3953114519818723,0.39531145198187234,1.3391494859286843,0.3391494859286843,1.1428983319357062,0.14289833193570622,1.1102407211501353,0.11024072115013533,3.888076799979899,213.234375,213.2578125,0.0234375,,
TS24,spine,2.0,1,7,10,189.1896789196748,0.09633710033994342,3331,6666,1351432.4592967639,31208936.931725997,1963.8299082293713,True,2,1,94.5948394598374,37.63860503015996,136.9558575537136,323,324,4307.451132414145,13,15,2,41,42,2.051894498191678,1.0518944981916782,1.3981864814524572,0.3981864814524571,1.3473769667500561,0.3473769667500561,1.1465725876364319,0.14657258763643197,1.1062457927372138,0.10624579273721374,3.8731506999756675,211.55859375,211.96875,0.41015625,,
TS24,spine,2.0,1,8,10,189.1896789196748,0.09633710033994342,3331,6666,1351432.4592967639,31208936.931725997,1963.8299082293713,True,2,1,94.5948394598374,37.63860503015996,136.9558575537136,323,324,4307.451132414145,13,15,2,41,42,2.1655011300969664,1.1655011300969664,1.44446541485148,0.44446541485148,1.3080146125229346,0.3080146125229346,1.161562771044944,0.16156277104494418,1.106904156136862,0.10690415613686195,3.9325393000035547,211.94921875,212.65234375,0.703125,,
TS24,spine,2.0,1,9,10,189.1896789196748,0.09633710033994342,3331,6666,1351432.4592967639,31208936.931725997,1963.8299082293713,True,2,1,94.5948394598374,37.63860503015996,136.9558575537136,323,324,4307.451132414145,13,15,2,41,42,2.123414088473497,1.1234140884734969,1.4196598422409676,0.4196598422409676,1.3629802096609296,0.3629802096609295,1.1563774589913656,0.15637745899136554,1.1133153322553682,0.11331533225536818,3.381915800011484,211.4296875,213.33203125,1.90234375,,
TS48,spine,2.0,0,0,10,215.7189505599468,0.13689860794180433,3335,6666,1024237.6056875429,28933719.594191074,1575.757078929897,True,0,1,107.8594752799734,39.87353530285784,197.92422118379002,255,254,2812.0365345288587,9,7,0,19,18,2.1283155300269154,1.1283155300269154,1.5048764805247081,0.5048764805247082,1.1092078686406532,0.10920786864065317,1.1625051426447228,0.16250514264472285,1.0412465805042606,0.041246580504260465,2.044061499997042,216.5234375,217.9140625,1.390625,,
TS48,spine,2.0,0,1,10,215.7189505599468,0.13689860794180433,3335,6666,1024237.6056875429,28933719.594191074,1575.757078929897,True,0,1,107.8594752799734,39.87353530285784,197.92422118379002,255,254,2812.0365345288587,9,7,0,19,18,2.167608795963017,1.1676087959630168,1.510096633065853,0.5100966330658528,1.089986193927749,0.08998619392774906,1.1554230993877894,0.15542309938778945,1.0523487934544784,0.05234879345447833,2.074396700016223,216.58203125,218.05859375,1.4765625,,
TS48,spine,2.0,0,2,10,215.7189505599468,0.13689860794180433,3335,6666,1024237.6056875429,28933719.594191074,1575.757078929897,True,0,1,107.8594752799734,39.87353530285784,197.92422118379002,255,254,2812.0365345288587,9,7,0,19,18,2.1245006406611227,1.1245006406611229,1.505085346362211,0.5050853463622109,1.1107964156258203,0.11079641562582043,1.164314635985816,0.16431463598581608,1.0394042420856413,0.03940424208564122,2.0778365000151098,217.4453125,217.4453125,0.0,,
TS48,spine,2.0,0,3,10,215.7189505599468,0.13689860794180433,3335,6666,1024237.6056875429,28933719.594191074,1575.757078929897,True,0,1,107.8594752799734,39.87353530285784,197.92422118379002,255,254,2812.0365345288587,9,7,0,19,18,2.149935286451035,1.149935286451035,1.5028067414108304,0.5028067414108304,1.1119416877160915,0.11194168771609155,1.155844632721229,0.15584463272122898,1.050070084244606,0.05007008424460607,1.8876911000115797,217.140625,218.19921875,1.05859375,,
TS48,spine,2.0,0,4,10,215.7189505599468,0.13689860794180433,3335,6666,1024237.6056875429,28933719.594191074,1575.757078929897,True,0,1,107.8594752799734,39.87353530285784,197.92422118379002,255,254,2812.0365345288587,9,7,0,19,18,2.112111356607867,1.1121113566078669,1.5020113143460683,0.5020113143460684,1.1108565033283484,0.11085650332834843,1.1638163158093118,0.16381631580931172,1.0368277789088634,0.03682777890886344,1.9708929000189528,218.1796875,218.87109375,0.69140625,,
TS48,spine,2.0,0,5,10,215.7189505599468,0.13689860794180433,3335,6666,1024237.6056875429,28933719.594191074,1575.757078929897,True,0,1,107.8594752799734,39.87353530285784,197.92422118379002,255,254,2812.0365345288587,9,7,0,19,18,2.2227496741562893,1.2227496741562893,1.5227555463446902,0.5227555463446901,1.0728885212702,0.07288852127020001,1.1535043201392996,0.15350432013929963,1.0638050174840834,0.0638050174840834,2.1073080000060145,217.625,218.34375,0.71875,,
TS48,spine,2.0,0,6,10,215.7189505599468,0.13689860794180433,3335,6666,1024237.6056875429,28933719.594191074,1575.757078929897,True,0,1,107.8594752799734,39.87353530285784,197.92422118379002,255,254,2812.0365345288587,9,7,0,19,18,2.392714531000951,1.392714531000951,1.5808815877750793,0.5808815877750793,1.0089038286467917,0.008903828646791727,1.1675747698906624,0.16757476989066236,1.0789817344920982,0.07898173449209818,2.343178100010846,217.625,219.14453125,1.51953125,,
TS48,spine,2.0,0,7,10,215.7189505599468,0.13689860794180433,3335,6666,1024237.6056875429,28933719.594191074,1575.757078929897,True,0,1,107.8594752799734,39.87353530285784,197.92422118379002,255,254,2812.0365345288587,9,7,0,19,18,2.18045129308892,1.18045129308892,1.518815471507157,0.5188154715071569,1.114194743307131,0.11419474330713103,1.1667323673117564,0.16673236731175642,1.0483946388115253,0.048394638811525295,2.2484362999966834,219.125,219.125,0.0,,
TS48,spine,2.0,0,8,10,215.7189505599468,0.13689860794180433,3335,6666,1024237.6056875429,28933719.594191074,1575.757078929897,True,0,1,107.8594752799734,39.87353530285784,197.92422118379002,255,254,2812.0365345288587,9,7,0,19,18,2.118410732315807,1.1184107323158072,1.499732336701353,0.4997323367013532,1.1205317439544806,0.12053174395448067,1.1614536155952113,0.16145361559521135,1.0401300374720068,0.04013003747200685,2.1049352000118233,218.75,218.98046875,0.23046875,,
TS48,spine,2.0,0,9,10,215.7189505599468,0.13689860794180433,3335,6666,1024237.6056875429,28933719.594191074,1575.757078929897,True,0,1,107.8594752799734,39.87353530285784,197.92422118379002,255,254,2812.0365345288587,9,7,0,19,18,2.2146980930054445,1.2146980930054447,1.50587690884943,0.50587690884943,1.0491091229327434,0.049109122932743415,1.1346160604168858,0.13461606041688584,1.0793224246026498,0.07932242460264982,1.3799104999925476,217.83984375,219.703125,1.86328125,,
TS48,spine,2.0,1,0,10,215.7189505599468,0.13689860794180433,3335,6666,1024237.6056875429,28933719.594191074,1575.757078929897,True,0,1,107.8594752799734,39.87353530285784,197.92422118379002,255,254,2812.0365345288587,9,7,0,27,26,2.358635698177089,1.358635698177089,1.5958403250072253,0.5958403250072254,1.3395280367908267,0.33952803679082666,1.25346898712724,0.25346898712724003,1.012253877792253,0.012253877792253032,2.044061499997042,216.5234375,217.9140625,1.390625,,
TS48,spine,2.0,1,1,10,215.7189505599468,0.13689860794180433,3335,6666,1024237.6056875429,28933719.594191074,1575.757078929897,True,0,1,107.8594752799734,39.87353530285784,197.92422118379002,255,254,2812.0365345288587,9,7,0,27,26,2.373445179831746,1.373445179831746,1.595756175771706,0.5957561757717061,1.2958225777964785,0.29582257779647836,1.2410826420936425,0.24108264209364244,1.018569507859071,0.018569507859071153,2.074396700016223,216.58203125,218.05859375,1.4765625,,
TS48,spine,2.0,1,2,10,215.7189505599468,0.13689860794180433,3335,6666,1024237.6056875429,28933719.594191074,1575.757078929897,True,0,1,107.8594752799734,39.87353530285784,197.92422118379002,255,254,2812.0365345288587,9,7,0,27,26,2.354914062341424,1.354914062341424,1.5960113232725424,0.5960113232725422,1.3412098373061214,0.3412098373061215,1.2552406128961475,0.25524061289614747,1.0107650691663659,0.010765069166365989,2.0778365000151098,217.4453125,217.4453125,0.0,,
TS48,spine,2.0,1,3,10,215.7189505599468,0.13689860794180433,3335,6666,1024237.6056875429,28933719.594191074,1575.757078929897,True,0,1,107.8594752799734,39.87353530285784,197.92422118379002,255,254,2812.0365345288587,9,7,0,27,26,2.3682907783581206,1.3682907783581206,1.591246367944197,0.5912463679441969,1.3302971796231768,0.3302971796231769,1.244284259254596,0.24428425925459604,1.0179006102252446,0.017900610225244563,1.8876911000115797,217.140625,218.19921875,1.05859375,,
TS48,spine,2.0,1,4,10,215.7189505599468,0.13689860794180433,3335,6666,1024237.6056875429,28933719.594191074,1575.757078929897,True,0,1,107.8594752799734,39.87353530285784,197.92422118379002,255,254,2812.0365345288587,9,7,0,27,26,2.3430193310641503,1.34301933106415,1.593088077673816,0.5930880776738161,1.3417644777846316,0.34176447778463165,1.2548930791370594,0.25489307913705944,1.0086763400310799,0.008676340031079848,1.9708929000189528,218.1796875,218.87109375,0.69140625,,
TS48,spine,2.0,1,5,10,215.7189505599468,0.13689860794180433,3335,6666,1024237.6056875429,28933719.594191074,1575.757078929897,True,0,1,107.8594752799734,39.87353530285784,197.92422118379002,255,254,2812.0365345288587,9,7,0,27,26,2.4061897483829395,1.4061897483829395,1.6034635861936322,0.6034635861936322,1.25632859549685,0.25632859549684994,1.2342123599882417,0.23421235998824166,1.025735299318625,0.02573529931862516,2.1073080000060145,217.625,218.34375,0.71875,,
TS48,spine,2.0,1,6,10,215.7189505599468,0.13689860794180433,3335,6666,1024237.6056875429,28933719.594191074,1575.757078929897,True,0,1,107.8594752799734,39.87353530285784,197.92422118379002,255,254,2812.0365345288587,9,7,0,27,26,2.580515289354408,1.5805152893544079,1.662440515549417,0.6624405155494172,1.1967045870002486,0.1967045870002486,1.2491336976650003,0.24913369766500026,1.0380569056289963,0.03805690562899624,2.343178100010846,217.625,219.14453125,1.51953125,,
TS48,spine,2.0,1,7,10,215.7189505599468,0.13689860794180433,3335,6666,1024237.6056875429,28933719.594191074,1575.757078929897,True,0,1,107.8594752799734,39.87353530285784,197.92422118379002,255,254,2812.0365345288587,9,7,0,27,26,2.39895718149463,1.39895718149463,1.6073370705785972,0.6073370705785972,1.3327006317128414,0.3327006317128414,1.2552539663831968,0.2552539663831967,1.0158964450275725,0.015896445027572436,2.2484362999966834,219.125,219.125,0.0,,
TS48,spine,2.0,1,8,10,215.7189505599468,0.13689860794180433,3335,6666,1024237.6056875429,28933719.594191074,1575.757078929897,True,0,1,107.8594752799734,39.87353530285784,197.92422118379002,255,254,2812.0365345288587,9,7,0,27,26,2.347053628049018,1.347053628049018,1.5904409789494112,0.5904409789494112,1.3491746396876916,0.3491746396876915,1.2521622578432694,0.25216225784326934,1.0108164310365615,0.010816431036561486,2.1049352000118233,218.75,218.98046875,0.23046875,,
TS48,spine,2.0,1,9,10,215.7189505599468,0.13689860794180433,3335,6666,1024237.6056875429,28933719.594191074,1575.757078929897,True,0,1,107.8594752799734,39.87353530285784,197.92422118379002,255,254,2812.0365345288587,9,7,0,27,26,2.3650391588821242,1.3650391588821242,1.5784252691194431,0.5784252691194433,1.199450188809423,0.1994501888094228,1.2071644206868988,0.2071644206868988,1.0378516263043172,0.03785162630431709,1.3799104999925476,217.83984375,219.703125,1.86328125,,
TS67,spine,2.0,0,0,10,156.33223511944067,0.11969476250384734,1694,3394,957339.6911641813,19331473.79737958,1306.0908585237028,False,,2,78.16611755972033,32.48410440964262,131.98519329097633,296,297,3301.3090471440128,12,13,2,30,31,3.726073933955439,2.7260739339554387,1.7721204035846516,0.7721204035846515,2.0727124447022383,1.0727124447022383,1.344856982964526,0.344856982964526,1.3050302003588505,0.30503020035885064,3.2704760000051465,219.8125,221.546875,1.734375,,
TS67,spine,2.0,0,1,10,156.33223511944067,0.11969476250384734,1694,3394,957339.6911641813,19331473.79737958,1306.0908585237028,False,,2,78.16611755972033,32.48410440964262,131.98519329097633,296,297,3301.3090471440128,12,13,2,30,31,3.9390139352925067,2.939013935292506,1.8137111040733194,0.8137111040733193,1.932658727410452,0.9326587274104521,1.3328562966399957,0.33285629663999566,1.377345425216259,0.37734542521625897,2.264306900004158,221.52734375,221.52734375,0.0,,
TS67,spine,2.0,0,2,10,156.33223511944067,0.11969476250384734,1694,3394,957339.6911641813,19331473.79737958,1306.0908585237028,False,,2,78.16611755972033,32.48410440964262,131.98519329097633,296,297,3301.3090471440128,12,13,2,30,31,3.3385259384431016,2.3385259384431016,1.6897183873480472,0.6897183873480472,1.9820620499270025,0.9820620499270024,1.324888806025487,0.324888806025487,1.2912664389355535,0.29126643893555354,3.3146878000115976,220.7265625,222.65625,1.9296875,,
TS67,spine,2.0,0,3,10,156.33223511944067,0.11969476250384734,1694,3394,957339.6911641813,19331473.79737958,1306.0908585237028,False,,2,78.16611755972033,32.48410440964262,131.98519329097633,296,297,3301.3090471440128,12,13,2,30,31,3.700505039303357,2.700505039303357,1.7432746816930853,0.7432746816930852,1.8095256075086765,0.8095256075086765,1.2747140250705906,0.2747140250705905,1.3694393504389373,0.3694393504389374,2.409676800016314,220.90234375,220.90234375,0.0,,
TS67,spine,2.0,0,4,10,156.33223511944067,0.11969476250384734,1694,3394,957339.6911641813,19331473.79737958,1306.0908585237028,False,,2,78.16611755972033,32.48410440964262,131.98519329097633,296,297,3301.3090471440128,12,13,2,30,31,3.412486156180231,2.412486156180231,1.6777430773224526,0.6777430773224526,1.9578298303664547,0.9578298303664546,1.280335719057792,0.2803357190577919,1.3083629649491888,0.30836296494918886,3.3186421999998856,220.6875,221.33984375,0.65234375,,
TS67,spine,2.0,0,5,10,156.33223511944067,0.11969476250384734,1694,3394,957339.6911641813,19331473.79737958,1306.0908585237028,False,,2,78.16611755972033,32.48410440964262,131.98519329097633,296,297,3301.3090471440128,12,13,2,30,31,3.6012619541028816,2.601261954102881,1.730117564001345,0.730117564001345,1.9452114252974915,0.9452114252974914,1.3031765563396573,0.30317655633965734,1.3123944386721158,0.31239443867211575,3.2846335000067484,221.3203125,222.265625,0.9453125,,
TS67,spine,2.0,0,6,10,156.33223511944067,0.11969476250384734,1694,3394,957339.6911641813,19331473.79737958,1306.0908585237028,False,,2,78.16611755972033,32.48410440964262,131.98519329097633,296,297,3301.3090471440128,12,13,2,30,31,3.832228875733915,2.8322288757339145,1.7864134861895062,0.7864134861895062,2.0119717850117738,1.0119717850117738,1.331003450074764,0.33100345007476395,1.3287343622903933,0.3287343622903934,3.2476900000183377,222.24609375,222.24609375,0.0,,
TS67,spine,2.0,0,7,10,156.33223511944067,0.11969476250384734,1694,3394,957339.6911641813,19331473.79737958,1306.0908585237028,False,,2,78.16611755972033,32.48410440964262,131.98519329097633,296,297,3301.3090471440128,12,13,2,30,31,3.815092513960174,2.8150925139601735,1.7859019207363136,0.7859019207363137,1.9266662314785798,0.92666623147858,1.3200355944419246,0.3200355944419247,1.358716043778778,0.3587160437787779,2.1218822000082582,220.95703125,221.796875,0.83984375,,
TS67,spine,2.0,0,8,10,156.33223511944067,0.11969476250384734,1694,3394,957339.6911641813,19331473.79737958,1306.0908585237028,False,,2,78.16611755972033,32.48410440964262,131.98519329097633,296,297,3301.3090471440128,12,13,2,30,31,3.4235055714085725,2.4235055714085725,1.693735677482938,0.6937356774829381,1.9026237288080825,0.9026237288080825,1.2892950235432574,0.28929502354325737,1.3011827765196036,0.30118277651960346,3.2676779000030365,221.50390625,222.328125,0.82421875,,
TS67,spine,2.0,0,9,10,156.33223511944067,0.11969476250384734,1694,3394,957339.6911641813,19331473.79737958,1306.0908585237028,False,,2,78.16611755972033,32.48410440964262,131.98519329097633,296,297,3301.3090471440128,12,13,2,30,31,3.749429514913986,2.749429514913986,1.7461496791854685,0.7461496791854685,1.8259749811090729,0.8259749811090729,1.2731254490665949,0.27312544906659486,1.3790407935634468,0.3790407935634467,1.9389418000064325,222.3046875,222.91015625,0.60546875,,
TS67,spine,2.0,1,0,10,156.33223511944067,0.11969476250384734,1694,3394,957339.6911641813,19331473.79737958,1306.0908585237028,False,,2,78.16611755972033,32.48410440964262,131.98519329097633,296,297,3301.3090471440128,12,13,2,36,37,3.7572146385894896,2.7572146385894896,1.7957549598041844,0.7957549598041844,2.1038531493362886,1.1038531493362889,1.3684915391840589,0.3684915391840589,1.2746387613109058,0.2746387613109058,3.2704760000051465,219.8125,221.546875,1.734375,,
TS67,spine,2.0,1,1,10,156.33223511944067,0.11969476250384734,1694,3394,957339.6911641813,19331473.79737958,1306.0908585237028,False,,2,78.16611755972033,32.48410440964262,131.98519329097633,296,297,3301.3090471440128,12,13,2,36,37,3.970484822292984,2.970484822292984,1.8374846750760636,0.8374846750760636,1.9641296144109295,0.9641296144109295,1.35662986764274,0.35662986764273996,1.345631630755726,0.34563163075572595,2.264306900004158,221.52734375,221.52734375,0.0,,
TS67,spine,2.0,1,2,10,156.33223511944067,0.11969476250384734,1694,3394,957339.6911641813,19331473.79737958,1306.0908585237028,False,,2,78.16611755972033,32.48410440964262,131.98519329097633,296,297,3301.3090471440128,12,13,2,36,37,3.369266105966431,2.3692661059664304,1.7131682407228033,0.7131682407228032,2.012802217450332,1.0128022174503322,1.348338659400243,0.348338659400243,1.2616031844642033,0.2616031844642033,3.3146878000115976,220.7265625,222.65625,1.9296875,,
TS67,spine,2.0,1,3,10,156.33223511944067,0.11969476250384734,1694,3394,957339.6911641813,19331473.79737958,1306.0908585237028,False,,2,78.16611755972033,32.48410440964262,131.98519329097633,296,297,3301.3090471440128,12,13,2,36,37,3.7318356253029044,2.7318356253029044,1.7669896762206294,0.7669896762206293,1.8408561935082237,0.8408561935082238,1.2984290195981347,0.2984290195981346,1.3374969327311566,0.3374969327311566,2.409676800016314,220.90234375,220.90234375,0.0,,
TS67,spine,2.0,1,4,10,156.33223511944067,0.11969476250384734,1694,3394,957339.6911641813,19331473.79737958,1306.0908585237028,False,,2,78.16611755972033,32.48410440964262,131.98519329097633,296,297,3301.3090471440128,12,13,2,36,37,3.4434243316719955,2.443424331671995,1.70127802543648,0.7012780254364801,1.9887680058582191,0.9887680058582191,1.3038706671718197,0.3038706671718196,1.2774654088726607,0.2774654088726607,3.3186421999998856,220.6875,221.33984375,0.65234375,,
TS67,spine,2.0,1,5,10,156.33223511944067,0.11969476250384734,1694,3394,957339.6911641813,19331473.79737958,1306.0908585237028,False,,2,78.16611755972033,32.48410440964262,131.98519329097633,296,297,3301.3090471440128,12,13,2,36,37,3.6323987343346222,2.6323987343346222,1.7537314373752324,0.7537314373752325,1.9763482055292323,0.9763482055292323,1.326790429713545,0.32679042971354505,1.2815775852548257,0.2815775852548256,3.2846335000067484,221.3203125,222.265625,0.9453125,,
TS67,spine,2.0,1,6,10,156.33223511944067,0.11969476250384734,1694,3394,957339.6911641813,19331473.79737958,1306.0908585237028,False,,2,78.16611755972033,32.48410440964262,131.98519329097633,296,297,3301.3090471440128,12,13,2,36,37,3.863357569601591,2.863357569601591,1.810030952809538,0.810030952809538,2.04310047887945,1.04310047887945,1.3546209166947956,0.3546209166947956,1.2977397221275608,0.29773972212756084,3.2476900000183377,222.24609375,222.24609375,0.0,,
TS67,spine,2.0,1,7,10,156.33223511944067,0.11969476250384734,1694,3394,957339.6911641813,19331473.79737958,1306.0908585237028,False,,2,78.16611755972033,32.48410440964262,131.98519329097633,296,297,3301.3090471440128,12,13,2,36,37,3.8470894691319635,2.847089469131963,1.8099386648426008,0.8099386648426008,1.9586631866503694,0.9586631866503695,1.3440723385482118,0.3440723385482118,1.3269995186191335,0.3269995186191335,2.1218822000082582,220.95703125,221.796875,0.83984375,,
TS67,spine,2.0,1,8,10,156.33223511944067,0.11969476250384734,1694,3394,957339.6911641813,19331473.79737958,1306.0908585237028,False,,2,78.16611755972033,32.48410440964262,131.98519329097633,296,297,3301.3090471440128,12,13,2,36,37,3.4546452032029307,2.4546452032029302,1.7173704304428605,0.7173704304428606,1.9337633606024405,0.9337633606024406,1.31292977650318,0.31292977650317993,1.2706863309880565,0.27068633098805644,3.2676779000030365,221.50390625,222.328125,0.82421875,,
TS67,spine,2.0,1,9,10,156.33223511944067,0.11969476250384734,1694,3394,957339.6911641813,19331473.79737958,1306.0908585237028,False,,2,78.16611755972033,32.48410440964262,131.98519329097633,296,297,3301.3090471440128,12,13,2,36,37,3.7814254027417817,2.7814254027417817,1.7701771266639106,0.7701771266639107,1.8579708689368688,0.8579708689368688,1.297152896545037,0.297152896545037,1.3463568643575798,0.3463568643575798,1.9389418000064325,222.3046875,222.91015625,0.60546875,,
TS76,spine,2.0,0,0,10,173.1776025132332,0.1841918878189756,1509,3022,548029.1969304897,11801286.30696941,940.202115108526,False,,5,86.5888012566166,43.39702098324926,129.48504578291383,191,190,1576.7772959414992,9,7,0,16,15,1.8697058574346965,0.8697058574346964,1.28783074708559,0.28783074708559014,1.1225359401767552,0.12253594017675529,1.015036209288828,0.015036209288828073,1.2042254650378235,0.2042254650378235,0.4727392999920994,221.50390625,222.1171875,0.61328125,,
TS76,spine,2.0,0,1,10,173.1776025132332,0.1841918878189756,1509,3022,548029.1969304897,11801286.30696941,940.202115108526,False,,5,86.5888012566166,43.39702098324926,129.48504578291383,191,190,1576.7772959414992,9,7,0,16,15,1.8353370630206118,0.8353370630206118,1.256830137041623,0.256830137041623,1.1532688004497336,0.15326880044973365,1.001948834875385,0.0019488348753852003,1.2253556950499898,0.22535569504998973,1.272939199989196,222.09765625,222.1796875,0.08203125,,
TS76,spine,2.0,0,2,10,173.1776025132332,0.1841918878189756,1509,3022,548029.1969304897,11801286.30696941,940.202115108526,False,,5,86.5888012566166,43.39702098324926,129.48504578291383,191,190,1576.7772959414992,9,7,0,16,15,1.8178423581043834,0.8178423581043835,1.2547757818098022,0.2547757818098022,1.1438970633864787,0.14389706338647867,1.0014120983471153,0.0014120983471153739,1.218708967561552,0.21870896756155184,1.2772070999781135,222.16015625,223.03125,0.87109375,,
TS76,spine,2.0,0,3,10,173.1776025132332,0.1841918878189756,1509,3022,548029.1969304897,11801286.30696941,940.202115108526,False,,5,86.5888012566166,43.39702098324926,129.48504578291383,191,190,1576.7772959414992,9,7,0,16,15,1.8368500191007173,0.8368500191007173,1.2669840485036712,0.26698404850367113,1.0945651548284474,0.09456515482844748,0.9959808183642385,-0.004019181635761507,1.215742623226946,0.21574262322694593,0.6272140000073705,223.01171875,223.21484375,0.203125,,
TS76,spine,2.0,0,4,10,173.1776025132332,0.1841918878189756,1509,3022,548029.1969304897,11801286.30696941,940.202115108526,False,,5,86.5888012566166,43.39702098324926,129.48504578291383,191,190,1576.7772959414992,9,7,0,16,15,1.8568752740990004,0.8568752740990004,1.2648208884713352,0.2648208884713351,1.1403408016724441,0.14034080167244406,1.0013563524396534,0.0013563524396533878,1.2277969866025213,0.22779698660252126,1.2572147999890149,223.1953125,223.8046875,0.609375,,
TS76,spine,2.0,0,5,10,173.1776025132332,0.1841918878189756,1509,3022,548029.1969304897,11801286.30696941,940.202115108526,False,,5,86.5888012566166,43.39702098324926,129.48504578291383,191,190,1576.7772959414992,9,7,0,16,15,1.9048321181969547,0.9048321181969546,1.287932071585598,0.2879320715855979,1.1485560574067275,0.14855605740672756,1.0160293696259948,0.016029369625994723,1.2221797897390203,0.2221797897390202,1.1881391999777406,223.78515625,223.875,0.08984375,,
TS76,spine,2.0,0,6,10,173.1776025132332,0.1841918878189756,1509,3022,548029.1969304897,11801286.30696941,940.202115108526,False,,5,86.5888012566166,43.39702098324926,129.48504578291383,191,190,1576.7772959414992,9,7,0,16,15,1.83742326096644,0.83742326096644,1.2633426905540859,0.2633426905540859,1.1361274901985492,0.1361274901985491,1.003040430066127,0.003040430066127116,1.2175174738050605,0.21751747380506056,0.8824356999830343,223.85546875,224.08984375,0.234375,,
TS76,spine,2.0,0,7,10,173.1776025132332,0.1841918878189756,1509,3022,548029.1969304897,11801286.30696941,940.202115108526,False,,5,86.5888012566166,43.39702098324926,129.48504578291383,191,190,1576.7772959414992,9,7,0,16,15,1.9209254376402634,0.9209254376402634,1.295905155331131,0.295905155331131,1.149708901205779,0.14970890120577907,1.0203647809853225,0.020364780985322406,1.219778587106468,0.21977858710646783,1.2363493000157177,224.0703125,224.140625,0.0703125,,
TS76,spine,2.0,0,8,10,173.1776025132332,0.1841918878189756,1509,3022,548029.1969304897,11801286.30696941,940.202115108526,False,,5,86.5888012566166,43.39702098324926,129.48504578291383,191,190,1576.7772959414992,9,7,0,16,15,1.8234148485016226,0.8234148485016227,1.2626084570552112,0.2626084570552112,1.0970416233306985,0.09704162333069852,0.9952762574777689,-0.004723742522231095,1.213307422657675,0.21330742265767505,0.4757675000000745,224.12109375,224.2109375,0.08984375,,
TS76,spine,2.0,0,9,10,173.1776025132332,0.1841918878189756,1509,3022,548029.1969304897,11801286.30696941,940.202115108526,False,,5,86.5888012566166,43.39702098324926,129.48504578291383,191,190,1576.7772959414992,9,7,0,16,15,1.7551784706430276,0.7551784706430275,1.248551643306751,0.24855164330675086,1.0442863545519239,0.04428635455192388,0.9863069450619057,-0.01369305493809423,1.1964732663970912,0.19647326639709115,1.1978583000018261,224.19140625,224.27734375,0.0859375,,
TS76,spine,2.0,1,0,10,173.1776025132332,0.1841918878189756,1509,3022,548029.1969304897,11801286.30696941,940.202115108526,False,,5,86.5888012566166,43.39702098324926,129.48504578291383,191,190,1576.7772959414992,9,7,0,23,22,1.9574369372521532,0.9574369372521532,1.3475163419379947,0.3475163419379947,1.210267019994212,0.21026701999421205,1.0747218041412325,0.07472180414123263,1.1489008010612434,0.14890080106124345,0.4727392999920994,221.50390625,222.1171875,0.61328125,,
TS76,spine,2.0,1,1,10,173.1776025132332,0.1841918878189756,1509,3022,548029.1969304897,11801286.30696941,940.202115108526,False,,5,86.5888012566166,43.39702098324926,129.48504578291383,191,190,1576.7772959414992,9,7,0,23,22,1.9163146919298708,0.9163146919298709,1.3136961944483019,0.31369619444830193,1.234246429358993,0.2342464293589929,1.0588148922820642,0.05881489228206409,1.1686020206489343,0.16860202064893418,1.272939199989196,222.09765625,222.1796875,0.08203125,,
TS76,spine,2.0,1,2,10,173.1776025132332,0.1841918878189756,1509,3022,548029.1969304897,11801286.30696941,940.202115108526,False,,5,86.5888012566166,43.39702098324926,129.48504578291383,191,190,1576.7772959414992,9,7,0,23,22,1.899560099883542,0.8995600998835421,1.3115782749749925,0.31157827497499246,1.225614805165637,0.2256148051656371,1.0582145915123056,0.05821459151230568,1.1634779457650084,0.16347794576500832,1.2772070999781135,222.16015625,223.03125,0.87109375,,
TS76,spine,2.0,1,3,10,173.1776025132332,0.1841918878189756,1509,3022,548029.1969304897,11801286.30696941,940.202115108526,False,,5,86.5888012566166,43.39702098324926,129.48504578291383,191,190,1576.7772959414992,9,7,0,23,22,1.920497995313269,0.920497995313269,1.3247430131573283,0.3247430131573283,1.178213131040999,0.17821313104099884,1.0537397830178956,0.05373978301789561,1.1607871730328094,0.1607871730328094,0.6272140000073705,223.01171875,223.21484375,0.203125,,
TS76,spine,2.0,1,4,10,173.1776025132332,0.1841918878189756,1509,3022,548029.1969304897,11801286.30696941,940.202115108526,False,,5,86.5888012566166,43.39702098324926,129.48504578291383,191,190,1576.7772959414992,9,7,0,23,22,1.934571537155712,0.934571537155712,1.3195492877802384,0.31954928778023833,1.2180370647291556,0.21803706472915566,1.0560847517485565,0.05608475174855661,1.1729336049513077,0.17293360495130766,1.2572147999890149,223.1953125,223.8046875,0.609375,,
TS76,spine,2.0,1,5,10,173.1776025132332,0.1841918878189756,1509,3022,548029.1969304897,11801286.30696941,940.202115108526,False,,5,86.5888012566166,43.39702098324926,129.48504578291383,191,190,1576.7772959414992,9,7,0,23,22,1.9858100212693723,0.9858100212693722,1.3447999388445475,0.34479993884454757,1.2295339604791449,0.2295339604791448,1.0728972368849443,0.07289723688494436,1.165611687269398,0.16561168726939807,1.1881391999777406,223.78515625,223.875,0.08984375,,
TS76,spine,2.0,1,6,10,173.1776025132332,0.1841918878189756,1509,3022,548029.1969304897,11801286.30696941,940.202115108526,False,,5,86.5888012566166,43.39702098324926,129.48504578291383,191,190,1576.7772959414992,9,7,0,23,22,1.9248360480004305,0.9248360480004305,1.3229920345728357,0.32299203457283565,1.2235402772325399,0.2235402772325399,1.0626897740848769,0.06268977408487691,1.1604153487073146,0.16041534870731447,0.8824356999830343,223.85546875,224.08984375,0.234375,,
TS76,spine,2.0,1,7,10,173.1776025132332,0.1841918878189756,1509,3022,548029.1969304897,11801286.30696941,940.202115108526,False,,5,86.5888012566166,43.39702098324926,129.48504578291383,191,190,1576.7772959414992,9,7,0,23,22,2.0033959365529093,1.0033959365529093,1.3535533115806682,0.35355331158066805,1.232179400118425,0.2321794001184249,1.0780129372348597,0.0780129372348597,1.1627638427923987,0.1627638427923988,1.2363493000157177,224.0703125,224.140625,0.0703125,,
TS76,spine,2.0,1,8,10,173.1776025132332,0.1841918878189756,1509,3022,548029.1969304897,11801286.30696941,940.202115108526,False,,5,86.5888012566166,43.39702098324926,129.48504578291383,191,190,1576.7772959414992,9,7,0,23,22,1.9053440620434192,0.9053440620434191,1.3194934121439266,0.3194934121439266,1.178970836872495,0.178970836872495,1.0521612125664843,0.05216121256648433,1.1590646535655698,0.15906465356556973,0.4757675000000745,224.12109375,224.2109375,0.08984375,,
TS76,spine,2.0,1,9,10,173.1776025132332,0.1841918878189756,1509,3022,548029.1969304897,11801286.30696941,940.202115108526,False,,5,86.5888012566166,43.39702098324926,129.48504578291383,191,190,1576.7772959414992,9,7,0,23,22,1.8411785297488483,0.8411785297488482,1.3076937880101938,0.30769378801019376,1.1302864136577446,0.13028641365774465,1.0454490897653488,0.045449089765348685,1.1437459447778044,0.14374594477780436,1.1978583000018261,224.19140625,224.27734375,0.0859375,,
human,cell,1.0,0,0,1,0.5957478766965252,0.001597956054426489,3335,6666,2754.1224901608975,1194.1754694408928,372.81868612484516,True,0,1,0.5957478766965252,0.38093239691974884,1.2499447209941192,605,604,1075.9773309383133,14,12,0,1605,1604,1.0074699235906321,0.007469923590632039,0.884550945263556,-0.11544905473644392,0.9394685546794002,-0.0605314453205998,0.8671930764234053,-0.13280692357659477,1.2579557185867027,0.25795571858670263,9.143697099993005,163.33203125,185.875,22.54296875,1.0004828795761147,0.052131511808239196
human,cell,1.0,1,0,1,0.5957478766965252,0.001597956054426489,3335,6666,2754.1224901608975,1194.1754694408928,372.81868612484516,True,0,1,0.5957478766965252,0.38093239691974884,1.2499447209941192,605,604,1075.9773309383133,14,12,0,1613,1612,1.0075260055716808,0.007526005571680881,0.8846724419475229,-0.11532755805247709,0.939524636660449,-0.06047536333955096,0.867314573107372,-0.13268542689262794,1.2577423947752782,0.2577423947752781,9.143697099993005,163.33203125,185.875,22.54296875,1.009206749274178,0.05264606316997117
human,cell,2.0,0,0,1,1.1914957533930504,0.003195912108852978,3335,6666,2754.1224901608975,1194.1754694408928,372.81868612484516,True,0,1,0.5957478766965252,0.38093239691974884,1.2499447209941192,605,604,1075.9773309383133,14,12,0,807,806,1.0351626210647669,0.035162621064766954,0.8723709054542774,-0.12762909454572258,0.9671954034946075,-0.03280459650539252,0.8550405557077612,-0.14495944429223884,1.3337742378730504,0.33377423787305033,4.758835999993607,168.81640625,172.72265625,3.90625,1.0004828795761147,0.052131511808239196
human,cell,2.0,1,0,1,1.1914957533930504,0.003195912108852978,3335,6666,2754.1224901608975,1194.1754694408928,372.81868612484516,True,0,1,0.5957478766965252,0.38093239691974884,1.2499447209941192,605,604,1075.9773309383133,14,12,0,815,814,1.0352188085057117,0.035218808505711637,0.8724925720747656,-0.1275074279252344,0.9672515909355521,-0.032748409064447835,0.8551622223282493,-0.14483777767175066,1.3335368534035177,0.3335368534035178,4.758835999993607,168.81640625,172.72265625,3.90625,1.009206749274178,0.05264606316997117
human,cell,3.0,0,0,1,1.7872436300895755,0.004793868163279467,3335,6666,2754.1224901608975,1194.1754694408928,372.81868612484516,True,0,1,0.5957478766965252,0.38093239691974884,1.2499447209941192,605,604,1075.9773309383133,14,12,0,544,543,1.0468124216161223,0.046812421616122424,0.876215121854863,-0.12378487814513692,0.978827791106128,-0.02117220889387194,0.8588674632983558,-0.14113253670164422,1.3390687488177258,0.33906874881772575,3.0762044000439346,171.69921875,176.99609375,5.296875,1.0004828795761147,0.052131511808239196
human,cell,3.0,1,0,1,1.7872436300895755,0.004793868163279467,3335,6666,2754.1224901608975,1194.1754694408928,372.81868612484516,True,0,1,0.5957478766965252,0.38093239691974884,1.2499447209941192,605,604,1075.9773309383133,14,12,0,552,551,1.0468699487256028,0.04686994872560283,0.8763386889352507,-0.12366131106474931,0.9788853182156084,-0.021114681784391534,0.8589910303787434,-0.1410089696212566,1.3388254600323375,0.3388254600323375,3.0762044000439346,171.69921875,176.99609375,5.296875,1.009206749274178,0.05264606316997117
