model,group,fit_protocol,mel_over_thickness,extend_terminals,run_index,n_runs,max_edge_length,max_edge_length_fraction,mesh_vertices,mesh_faces,mesh_area,mesh_volume,bbox_diagonal,watertight,genus,component_count,thickness_median,thickness_p10,thickness_p90,skeleton_nodes,skeleton_edges,skeleton_length,n_terminals,n_branches,cyclomatic_number,morphology_nodes,morphology_edges,volume_ratio,volume_relative_error,area_ratio,area_relative_error,volume_ratio_overlaps,volume_relative_error_overlaps,area_ratio_overlaps,area_relative_error_overlaps,volume_ratio_sa_norm,volume_relative_error_sa_norm,runtime_s,rss_before_mb,peak_rss_mb,rss_delta_mb,runtime_scaling_exponent,ram_scaling_exponent
cylinder,demo,reference_snap_only,1.5687145302387646,0,0,1,3.0,0.28867513459481287,34,64,68.55183781125503,30.614674464782315,10.392304845413264,True,0,1,1.912393837228873,1.1469497979252745,2.2724840589051523,4,3,9.81592185188444,2,0,0,5,4,0.981592162007423,-0.01840783799257697,0.9774589407816234,-0.022541059218376524,0.981592162007423,-0.01840783799257697,0.9774589407816234,-0.022541059218376524,1.023437935588071,0.023437935588070936,0.017656900046858937,151.41015625,152.0390625,0.62890625,,
torus,demo,reference_snap_only,0.5099510216838726,0,0,1,1.0,0.07001400420140048,512,1024,156.27209872953597,76.44962188927714,14.2828568570857,True,1,1,1.9609726375250154,1.8241856084713384,2.0744752663198467,32,32,24.96298297330074,0,0,1,25,25,1.0004035961367876,0.0004035961367876399,0.989092346258602,-0.010907653741398059,1.0004035961367876,0.0004035961367876399,0.989092346258602,-0.010907653741398059,1.0225899383878276,0.02258993838782766,0.14769650000380352,156.17578125,157.01953125,0.84375,,
branching,demo,reference_snap_only,0.6589397759674214,1,0,1,1.0,0.17508077917966042,1417,2830,22.31765189479163,5.107126917476649,5.71164924376903,True,0,1,1.5175893707916654,0.19709833925187262,1.7408249527617943,137,136,5.852448085447328,4,2,0,13,12,0.9183207700882968,-0.08167922991170318,0.9201572561374155,-0.07984274386258444,0.7728578376753492,-0.2271421623246508,0.829858119807266,-0.17014188019273405,1.0511575090408658,0.05115750904086589,0.04063549998681992,160.82421875,160.91796875,0.09375,,
human,cell,reference_snap_only,2.0,1,0,1,1.1914957533930504,0.003195912108852978,3335,6666,2754.1224901608975,1194.1754694408928,372.81868612484516,True,0,1,0.5957478766965252,0.38093239691974884,1.2499447209941192,605,604,1075.9773309383133,14,12,0,815,814,1.0352188085057117,0.035218808505711637,0.8724925720747656,-0.1275074279252344,0.9672515909355521,-0.032748409064447835,0.8551622223282493,-0.14483777767175066,1.3335368534035177,0.3335368534035178,4.693297800025903,167.9140625,169.58203125,1.66796875,,
TS1,spine,spine_forcing_20,1.0,0,0,3,77.94336479617206,0.028756609750529995,2378,4788,3124839.692276849,70083740.23409876,2710.4504137430713,True,9,1,77.94336479617206,38.889990323702904,164.70858134688547,376,383,8828.702750704158,17,25,7,120,126,2.3894499343133053,1.3894499343133053,1.5172030656268507,0.5172030656268508,1.4645812399906941,0.4645812399906941,1.2457855603749468,0.2457855603749469,1.1756115306083632,0.1756115306083633,14.275626299961004,174.6015625,176.17578125,1.57421875,1.1114643105992017,-0.01973352340032335
TS1,spine,spine_forcing_20,1.0,1,0,3,77.94336479617206,0.028756609750529995,2378,4788,3124839.692276849,70083740.23409876,2710.4504137430713,True,9,1,77.94336479617206,38.889990323702904,164.70858134688547,376,383,8828.702750704158,17,25,7,129,135,2.4118349884729677,1.4118349884729677,1.5238742506845455,0.5238742506845454,1.4869662941503565,0.4869662941503565,1.252456745432641,0.25245674543264107,1.1744201132491525,0.17442011324915244,14.275626299961004,174.6015625,176.17578125,1.57421875,1.2462361402561433,-0.022103394144754537
TS1,spine,spine_forcing_20,1.0,0,1,3,77.94336479617206,0.028756609750529995,2378,4788,3124839.692276849,70083740.23409876,2710.4504137430713,True,9,1,77.94336479617206,38.889990323702904,164.70858134688547,376,383,8828.702750704158,17,25,7,120,126,2.4994175842344184,1.4994175842344184,1.5612458593498104,0.5612458593498105,1.424188457209667,0.4241884572096669,1.2710538538425347,0.2710538538425347,1.174999176464688,0.17499917646468802,14.337343400053214,176.15625,177.640625,1.484375,1.1114643105992017,-0.01973352340032335
TS1,spine,spine_forcing_20,1.0,1,1,3,77.94336479617206,0.028756609750529995,2378,4788,3124839.692276849,70083740.23409876,2710.4504137430713,True,9,1,77.94336479617206,38.889990323702904,164.70858134688547,376,383,8828.702750704158,17,25,7,129,135,2.5214002026600544,1.5214002026600546,1.5678518796011347,0.5678518796011347,1.446171075635303,0.446171075635303,1.277659874093858,0.277659874093858,1.1734008440213954,0.17340084402139536,14.337343400053214,176.15625,177.640625,1.484375,1.2462361402561433,-0.022103394144754537
TS1,spine,spine_forcing_20,1.0,0,2,3,77.94336479617206,0.028756609750529995,2378,4788,3124839.692276849,70083740.23409876,2710.4504137430713,True,9,1,77.94336479617206,38.889990323702904,164.70858134688547,376,383,8828.702750704158,17,25,7,120,126,2.400328138677289,1.400328138677289,1.4930803099298229,0.49308030992982277,1.3191419325685747,0.3191419325685747,1.1966316923439486,0.1966316923439486,1.2030073771334462,0.20300737713344608,14.347821000032127,176.6953125,179.4609375,2.765625,1.1114643105992017,-0.01973352340032335
TS1,spine,spine_forcing_20,1.0,1,2,3,77.94336479617206,0.028756609750529995,2378,4788,3124839.692276849,70083740.23409876,2710.4504137430713,True,9,1,77.94336479617206,38.889990323702904,164.70858134688547,376,383,8828.702750704158,17,25,7,129,135,2.422415294544958,1.422415294544958,1.499711688060677,0.49971168806067695,1.3412290884362437,0.34122908843624367,1.2032630704748026,0.20326307047480258,1.2014861337652947,0.20148613376529467,14.347821000032127,176.6953125,179.4609375,2.765625,1.2462361402561433,-0.022103394144754537
TS1,spine,spine_forcing_20,2.0,0,0,3,155.88672959234412,0.05751321950105999,2378,4788,3124839.692276849,70083740.23409876,2710.4504137430713,True,9,1,77.94336479617206,38.889990323702904,164.70858134688547,376,383,8828.702750704158,17,25,7,69,75,2.4335444295188284,1.4335444295188284,1.4222521647104418,0.4222521647104419,1.295083353308169,0.2950833533081689,1.1067627289724664,0.10676272897246646,1.2894755999084948,0.2894755999084948,7.7349627000512555,177.34765625,180.171875,2.82421875,1.1114643105992017,-0.01973352340032335
TS1,spine,spine_forcing_20,2.0,1,0,3,155.88672959234412,0.05751321950105999,2378,4788,3124839.692276849,70083740.23409876,2710.4504137430713,True,9,1,77.94336479617206,38.889990323702904,164.70858134688547,376,383,8828.702750704158,17,25,7,78,84,2.457241160813838,1.457241160813838,1.4293520632239576,0.4293520632239576,1.3187800846031785,0.3187800846031785,1.1138626274859817,0.1138626274859817,1.2868665275065114,0.28686652750651137,7.7349627000512555,177.34765625,180.171875,2.82421875,1.2462361402561433,-0.022103394144754537
TS1,spine,spine_forcing_20,2.0,0,1,3,155.88672959234412,0.05751321950105999,2378,4788,3124839.692276849,70083740.23409876,2710.4504137430713,True,9,1,77.94336479617206,38.889990323702904,164.70858134688547,376,383,8828.702750704158,17,25,7,69,75,2.3869995362526706,1.3869995362526708,1.4019726531802352,0.4019726531802353,1.2163060388881795,0.2163060388881795,1.0795770646134524,0.07957706461345246,1.2960904809287919,0.29609048092879175,7.8110144000384025,178.30078125,181.2109375,2.91015625,1.1114643105992017,-0.01973352340032335
TS1,spine,spine_forcing_20,2.0,1,1,3,155.88672959234412,0.05751321950105999,2378,4788,3124839.692276849,70083740.23409876,2710.4504137430713,True,9,1,77.94336479617206,38.889990323702904,164.70858134688547,376,383,8828.702750704158,17,25,7,78,84,2.4099702723657046,1.4099702723657044,1.408980620156138,0.4089806201561379,1.2392767750012132,0.2392767750012132,1.0865850315893548,0.08658503158935488,1.293418319733458,0.2934183197334582,7.8110144000384025,178.30078125,181.2109375,2.91015625,1.2462361402561433,-0.022103394144754537
TS1,spine,spine_forcing_20,2.0,0,2,3,155.88672959234412,0.05751321950105999,2378,4788,3124839.692276849,70083740.23409876,2710.4504137430713,True,9,1,77.94336479617206,38.889990323702904,164.70858134688547,376,383,8828.702750704158,17,25,7,69,75,2.5447613675506284,1.5447613675506287,1.4334925719209877,0.4334925719209878,1.3165487105021252,0.3165487105021253,1.1009091988139275,0.10090919881392739,1.3233070055943181,0.323307005594318,7.692005299963057,179.046875,182.921875,3.875,1.1114643105992017,-0.01973352340032335
TS1,spine,spine_forcing_20,2.0,1,2,3,155.88672959234412,0.05751321950105999,2378,4788,3124839.692276849,70083740.23409876,2710.4504137430713,True,9,1,77.94336479617206,38.889990323702904,164.70858134688547,376,383,8828.702750704158,17,25,7,78,84,2.568019119440675,1.5680191194406752,1.440544359373477,0.440544359373477,1.339806462392172,0.3398064623921719,1.1079609862664161,0.10796098626641619,1.319910099040811,0.31991009904081114,7.692005299963057,179.046875,182.921875,3.875,1.2462361402561433,-0.022103394144754537
TS1,spine,spine_forcing_20,3.0,0,0,3,233.8300943885162,0.08626982925158998,2378,4788,3124839.692276849,70083740.23409876,2710.4504137430713,True,9,1,77.94336479617206,38.889990323702904,164.70858134688547,376,383,8828.702750704158,17,25,7,47,53,2.673209447200831,1.673209447200831,1.4465702012047172,0.44657020120471724,1.4587853130781536,0.4587853130781535,1.1120793152753699,0.11207931527536988,1.3540854946993834,0.35408549469938344,5.057515399996191,179.578125,182.83984375,3.26171875,1.1114643105992017,-0.01973352340032335
TS1,spine,spine_forcing_20,3.0,1,0,3,233.8300943885162,0.08626982925158998,2378,4788,3124839.692276849,70083740.23409876,2710.4504137430713,True,9,1,77.94336479617206,38.889990323702904,164.70858134688547,376,383,8828.702750704158,17,25,7,56,62,2.697023865349294,1.697023865349294,1.45405147113638,0.45405147113637995,1.4825997312266166,0.48259973122661654,1.119560585207032,0.11956058520703196,1.3492178369481784,0.34921783694817854,5.057515399996191,179.578125,182.83984375,3.26171875,1.2462361402561433,-0.022103394144754537
TS1,spine,spine_forcing_20,3.0,0,1,3,233.8300943885162,0.08626982925158998,2378,4788,3124839.692276849,70083740.23409876,2710.4504137430713,True,9,1,77.94336479617206,38.889990323702904,164.70858134688547,376,383,8828.702750704158,17,25,7,47,53,2.6361314543154584,1.6361314543154581,1.4376938893699716,0.43769388936997156,1.508874461239222,0.5088744612392219,1.119534084690134,0.11953408469013413,1.3489426621344613,0.34894266213446123,5.056162099994253,182.8203125,182.9296875,0.109375,1.1114643105992017,-0.01973352340032335
TS1,spine,spine_forcing_20,3.0,1,1,3,233.8300943885162,0.08626982925158998,2378,4788,3124839.692276849,70083740.23409876,2710.4504137430713,True,9,1,77.94336479617206,38.889990323702904,164.70858134688547,376,383,8828.702750704158,17,25,7,56,62,2.660031531785475,1.6600315317854746,1.445193007421045,0.44519300742104506,1.5327745387092384,0.5327745387092383,1.1270332027412078,0.12703320274120777,1.3442122458139456,0.34421224581394566,5.056162099994253,182.8203125,182.9296875,0.109375,1.2462361402561433,-0.022103394144754537
TS1,spine,spine_forcing_20,3.0,0,2,3,233.8300943885162,0.08626982925158998,2378,4788,3124839.692276849,70083740.23409876,2710.4504137430713,True,9,1,77.94336479617206,38.889990323702904,164.70858134688547,376,383,8828.702750704158,17,25,7,47,53,2.724437386351998,1.7244373863519982,1.4566349393850928,0.45663493938509286,1.5058221222770607,0.5058221222770606,1.121874523248945,0.121874523248945,1.3583413519699374,0.3583413519699374,5.1676605999819,179.34375,182.734375,3.390625,1.1114643105992017,-0.01973352340032335
TS1,spine,spine_forcing_20,3.0,1,2,3,233.8300943885162,0.08626982925158998,2378,4788,3124839.692276849,70083740.23409876,2710.4504137430713,True,9,1,77.94336479617206,38.889990323702904,164.70858134688547,376,383,8828.702750704158,17,25,7,56,62,2.7487912226742113,1.7487912226742115,1.464204165442062,0.46420416544206183,1.530175958599274,0.530175958599274,1.1294437493059137,0.12944374930591382,1.3532924626699494,0.35329246266994935,5.1676605999819,179.34375,182.734375,3.390625,1.2462361402561433,-0.022103394144754537
TS2,spine,spine_forcing_20,1.0,0,0,3,72.77440396597993,0.11797826909606364,508,1016,209546.08322919015,3764802.054484278,616.8458354540146,True,1,1,72.77440396597993,31.138173893996544,120.34362546721954,122,122,657.7528570120653,4,4,1,11,11,1.8439843925128239,0.8439843925128238,1.1729953059339808,0.1729953059339809,1.3295145049406718,0.32951450494067186,0.9829616208642986,-0.01703837913570137,1.366870188061877,0.36687018806187693,0.9159383000223897,182.93359375,182.95703125,0.0234375,1.170787928825587,-0.0004250552106477945
TS2,spine,spine_forcing_20,1.0,1,0,3,72.77440396597993,0.11797826909606364,508,1016,209546.08322919015,3764802.054484278,616.8458354540146,True,1,1,72.77440396597993,31.138173893996544,120.34362546721954,122,122,657.7528570120653,4,4,1,13,13,1.860709610372307,0.8607096103723071,1.18191469940954,0.18191469940954,1.3462397228001552,0.3462397228001552,0.9918810143398578,-0.008118985660142273,1.3572510809971303,0.3572510809971303,0.9159383000223897,182.93359375,182.95703125,0.0234375,1.439061916650735,-0.0005224522315707743
TS2,spine,spine_forcing_20,1.0,0,1,3,72.77440396597993,0.11797826909606364,508,1016,209546.08322919015,3764802.054484278,616.8458354540146,True,1,1,72.77440396597993,31.138173893996544,120.34362546721954,122,122,657.7528570120653,4,4,1,11,11,1.8213402353441295,0.8213402353441296,1.1651220941303477,0.16512209413034765,1.3164360282911423,0.31643602829114237,0.9786730178122325,-0.021326982187767508,1.3685882322721172,0.3685882322721173,0.9206934999674559,182.9375,182.95703125,0.01953125,1.170787928825587,-0.0004250552106477945
TS2,spine,spine_forcing_20,1.0,1,1,3,72.77440396597993,0.11797826909606364,508,1016,209546.08322919015,3764802.054484278,616.8458354540146,True,1,1,72.77440396597993,31.138173893996544,120.34362546721954,122,122,657.7528570120653,4,4,1,13,13,1.8380679776661724,0.8380679776661724,1.1740432360928872,0.1740432360928871,1.3331637706131854,0.3331637706131855,0.9875941597747719,-0.012405840225228053,1.3591277028948308,0.3591277028948307,0.9206934999674559,182.9375,182.95703125,0.01953125,1.439061916650735,-0.0005224522315707743
TS2,spine,spine_forcing_20,1.0,0,2,3,72.77440396597993,0.11797826909606364,508,1016,209546.08322919015,3764802.054484278,616.8458354540146,True,1,1,72.77440396597993,31.138173893996544,120.34362546721954,122,122,657.7528570120653,4,4,1,11,11,1.701010438406017,0.7010104384060168,1.1293190247063807,0.12931902470638063,1.2391829322716978,0.23918293227169785,0.9577603980833604,-0.04223960191663958,1.3557705655173193,0.3557705655173193,0.9152625999995507,182.9375,182.9609375,0.0234375,1.170787928825587,-0.0004250552106477945
TS2,spine,spine_forcing_20,1.0,1,2,3,72.77440396597993,0.11797826909606364,508,1016,209546.08322919015,3764802.054484278,616.8458354540146,True,1,1,72.77440396597993,31.138173893996544,120.34362546721954,122,122,657.7528570120653,4,4,1,13,13,1.7177795513409924,0.7177795513409924,1.138254985596768,0.13825498559676816,1.2559520452066733,0.25595204520667336,0.966696358973748,-0.03330364102625204,1.347120220582065,0.3471202205820649,0.9152625999995507,182.9375,182.9609375,0.0234375,1.439061916650735,-0.0005224522315707743
TS2,spine,spine_forcing_20,2.0,0,0,3,145.54880793195986,0.23595653819212728,508,1016,209546.08322919015,3764802.054484278,616.8458354540146,True,1,1,72.77440396597993,31.138173893996544,120.34362546721954,122,122,657.7528570120653,4,4,1,7,7,1.7197233057332468,0.7197233057332469,1.119605714664135,0.1196057146641349,1.3127247172361363,0.3127247172361363,0.9608551422432415,-0.03914485775675848,1.3937602329245533,0.3937602329245533,0.547254899982363,182.94140625,182.96484375,0.0234375,1.170787928825587,-0.0004250552106477945
TS2,spine,spine_forcing_20,2.0,1,0,3,145.54880793195986,0.23595653819212728,508,1016,209546.08322919015,3764802.054484278,616.8458354540146,True,1,1,72.77440396597993,31.138173893996544,120.34362546721954,122,122,657.7528570120653,4,4,1,9,9,1.7365638333835705,0.7365638333835706,1.128624811837109,0.12862481183710892,1.3295652448864599,0.32956524488646,0.9698742394162155,-0.030125760583784467,1.3845881734645433,0.3845881734645433,0.547254899982363,182.94140625,182.96484375,0.0234375,1.439061916650735,-0.0005224522315707743
TS2,spine,spine_forcing_20,2.0,0,1,3,145.54880793195986,0.23595653819212728,508,1016,209546.08322919015,3764802.054484278,616.8458354540146,True,1,1,72.77440396597993,31.138173893996544,120.34362546721954,122,122,657.7528570120653,4,4,1,7,7,1.7963667103323373,0.7963667103323374,1.1280609597673787,0.1280609597673788,1.337749754592506,0.3377497545925059,0.9516276453207124,-0.04837235467928758,1.4306755548624244,0.43067555486242437,0.5208247999544255,182.9453125,182.96484375,0.01953125,1.170787928825587,-0.0004250552106477945
TS2,spine,spine_forcing_20,2.0,1,1,3,145.54880793195986,0.23595653819212728,508,1016,209546.08322919015,3764802.054484278,616.8458354540146,True,1,1,72.77440396597993,31.138173893996544,120.34362546721954,122,122,657.7528570120653,4,4,1,9,9,1.8132254063150428,0.8132254063150429,1.137080530239181,0.13708053023918107,1.3546084505752114,0.3546084505752114,0.9606472157925147,-0.039352784207485295,1.4204043965288093,0.4204043965288093,0.5208247999544255,182.9453125,182.96484375,0.01953125,1.439061916650735,-0.0005224522315707743
TS2,spine,spine_forcing_20,2.0,0,2,3,145.54880793195986,0.23595653819212728,508,1016,209546.08322919015,3764802.054484278,616.8458354540146,True,1,1,72.77440396597993,31.138173893996544,120.34362546721954,122,122,657.7528570120653,4,4,1,7,7,1.8037131820600758,0.8037131820600758,1.1334120273225226,0.13341202732252258,1.3354127572852938,0.33541275728529385,0.9553407484578343,-0.044659251542165615,1.4242395173260924,0.42423951732609233,0.509462500049267,182.9453125,182.96484375,0.01953125,1.170787928825587,-0.0004250552106477945
TS2,spine,spine_forcing_20,2.0,1,2,3,145.54880793195986,0.23595653819212728,508,1016,209546.08322919015,3764802.054484278,616.8458354540146,True,1,1,72.77440396597993,31.138173893996544,120.34362546721954,122,122,657.7528570120653,4,4,1,9,9,1.8205324600350081,0.8205324600350081,1.142417457199929,0.14241745719992902,1.3522320352602262,0.35223203526022623,0.9643461783352408,-0.035653821664759174,1.4140272843715256,0.4140272843715257,0.509462500049267,182.9453125,182.96484375,0.01953125,1.439061916650735,-0.0005224522315707743
TS2,spine,spine_forcing_20,3.0,0,0,3,218.32321189793979,0.35393480728819093,508,1016,209546.08322919015,3764802.054484278,616.8458354540146,True,1,1,72.77440396597993,31.138173893996544,120.34362546721954,122,122,657.7528570120653,4,4,1,7,7,1.7707251952154437,0.7707251952154437,1.14912688227495,0.14912688227494997,1.336751965994823,0.3367519659948231,0.9841635749210313,-0.01583642507896862,1.3689772074710456,0.3689772074710457,0.5312060000142083,182.9453125,183.02734375,0.08203125,1.170787928825587,-0.0004250552106477945
TS2,spine,spine_forcing_20,3.0,1,0,3,218.32321189793979,0.35393480728819093,508,1016,209546.08322919015,3764802.054484278,616.8458354540146,True,1,1,72.77440396597993,31.138173893996544,120.34362546721954,122,122,657.7528570120653,4,4,1,9,9,1.7875992298851293,0.7875992298851292,1.1581529299547704,0.1581529299547704,1.3536260006645087,0.35362600066450867,0.9931896226008519,-0.006810377399148181,1.3598444772346507,0.35984447723465063,0.5312060000142083,182.9453125,183.02734375,0.08203125,1.439061916650735,-0.0005224522315707743
TS2,spine,spine_forcing_20,3.0,0,1,3,218.32321189793979,0.35393480728819093,508,1016,209546.08322919015,3764802.054484278,616.8458354540146,True,1,1,72.77440396597993,31.138173893996544,120.34362546721954,122,122,657.7528570120653,4,4,1,7,7,1.8702700969146855,0.8702700969146855,1.1579051453556208,0.1579051453556209,1.3800267111500761,0.3800267111500762,0.9742460406756607,-0.02575395932433933,1.4190084751697312,0.4190084751697312,0.5213412999873981,183.0078125,183.0390625,0.03125,1.170787928825587,-0.0004250552106477945
TS2,spine,spine_forcing_20,3.0,1,1,3,218.32321189793979,0.35393480728819093,508,1016,209546.08322919015,3764802.054484278,616.8458354540146,True,1,1,72.77440396597993,31.138173893996544,120.34362546721954,122,122,657.7528570120653,4,4,1,9,9,1.8871511908356828,0.8871511908356828,1.166939636743129,0.16693963674312898,1.3969078050710735,0.39690780507107354,0.9832805320631688,-0.01671946793683124,1.4085130524035767,0.4085130524035768,0.5213412999873981,183.0078125,183.0390625,0.03125,1.439061916650735,-0.0005224522315707743
TS2,spine,spine_forcing_20,3.0,0,2,3,218.32321189793979,0.35393480728819093,508,1016,209546.08322919015,3764802.054484278,616.8458354540146,True,1,1,72.77440396597993,31.138173893996544,120.34362546721954,122,122,657.7528570120653,4,4,1,7,7,1.8551060277372178,0.8551060277372177,1.1512969521690513,0.15129695216905117,1.3645017036284244,0.3645017036284244,0.9677163754923612,-0.032283624507638824,1.422980000999145,0.42298000099914485,0.5136926000122912,183.01953125,183.05859375,0.0390625,1.170787928825587,-0.0004250552106477945
TS2,spine,spine_forcing_20,3.0,1,2,3,218.32321189793979,0.35393480728819093,508,1016,209546.08322919015,3764802.054484278,616.8458354540146,True,1,1,72.77440396597993,31.138173893996544,120.34362546721954,122,122,657.7528570120653,4,4,1,9,9,1.8721810120520481,0.8721810120520482,1.1603881233318385,0.1603881233318384,1.3815766879432547,0.38157668794325467,0.9768075466551485,-0.023192453344851593,1.4125321959826658,0.4125321959826658,0.5136926000122912,183.01953125,183.05859375,0.0390625,1.439061916650735,-0.0005224522315707743
TS3,spine,spine_forcing_20,1.0,0,0,3,93.40399274580557,0.048870804262502655,8008,16058,3150472.63330633,84287550.97597824,1911.243208605677,False,,3,93.40399274580557,42.852431682542075,177.90413601231722,714,723,10391.084203830545,36,47,9,114,122,2.8450888132364867,1.8450888132364862,1.8440448991037035,0.8440448991037035,1.2934067268981213,0.29340672689812136,1.3790392166339034,0.37903921663390344,1.0291977863423754,0.029197786342375333,27.53609059995506,198.9296875,275.9453125,77.015625,1.1314221013888994,0.14767451482579752
TS3,spine,spine_forcing_20,1.0,1,0,3,93.40399274580557,0.048870804262502655,8008,16058,3150472.63330633,84287550.97597824,1911.243208605677,False,,3,93.40399274580557,42.852431682542075,177.90413601231722,714,723,10391.084203830545,36,47,9,125,133,2.875266523041395,1.8752665230413952,1.8549368100714234,0.8549368100714233,1.3235844367030298,0.3235844367030299,1.3899311276016233,0.38993112760162324,1.024033045419023,0.024033045419023,27.53609059995506,198.9296875,275.9453125,77.015625,1.2501138434101269,0.1633659157049481
TS3,spine,spine_forcing_20,1.0,0,1,3,93.40399274580557,0.048870804262502655,8008,16058,3150472.63330633,84287550.97597824,1911.243208605677,False,,3,93.40399274580557,42.852431682542075,177.90413601231722,714,723,10391.084203830545,36,47,9,114,122,2.8508890133914577,1.8508890133914582,1.869704258442875,0.8697042584428749,1.144666023601069,0.14466602360106914,1.3754941420150575,0.37549414201505743,1.0107834093281862,0.01078340932818628,27.80756719998317,204.15625,270.07421875,65.91796875,1.1314221013888994,0.14767451482579752
TS3,spine,spine_forcing_20,1.0,1,1,3,93.40399274580557,0.048870804262502655,8008,16058,3150472.63330633,84287550.97597824,1911.243208605677,False,,3,93.40399274580557,42.852431682542075,177.90413601231722,714,723,10391.084203830545,36,47,9,125,133,2.877742928132612,1.8777429281326121,1.8800299838607304,0.8800299838607305,1.171519938342223,0.1715199383422231,1.385819867432913,0.385819867432913,1.0054606942466127,0.005460694246612576,27.80756719998317,204.15625,270.07421875,65.91796875,1.2501138434101269,0.1633659157049481
TS3,spine,spine_forcing_20,1.0,0,2,3,93.40399274580557,0.048870804262502655,8008,16058,3150472.63330633,84287550.97597824,1911.243208605677,False,,3,93.40399274580557,42.852431682542075,177.90413601231722,714,723,10391.084203830545,36,47,9,114,122,2.6319388174385927,1.631938817438593,1.81199246804319,0.81199246804319,0.7913290178792717,-0.2086709821207283,1.297962414062752,0.29796241406275187,0.9963448022972311,-0.0036551977027689483,27.97352860000683,206.51171875,290.83984375,84.328125,1.1314221013888994,0.14767451482579752
TS3,spine,spine_forcing_20,1.0,1,2,3,93.40399274580557,0.048870804262502655,8008,16058,3150472.63330633,84287550.97597824,1911.243208605677,False,,3,93.40399274580557,42.852431682542075,177.90413601231722,714,723,10391.084203830545,36,47,9,125,133,2.6618098028704544,1.6618098028704542,1.8228048454043466,0.8228048454043466,0.8212000033111337,-0.17879999668886623,1.308774791423909,0.30877479142390885,0.9922665083429305,-0.007733491657069492,27.97352860000683,206.51171875,290.83984375,84.328125,1.2501138434101269,0.1633659157049481
TS3,spine,spine_forcing_20,2.0,0,0,3,186.80798549161113,0.09774160852500531,8008,16058,3150472.63330633,84287550.97597824,1911.243208605677,False,,3,93.40399274580557,42.852431682542075,177.90413601231722,714,723,10391.084203830545,36,47,8,70,77,2.5124906574803014,1.5124906574803014,1.5664973225376255,0.5664973225376255,0.8802146491596712,-0.11978535084032878,1.106026086143221,0.10602608614322091,1.145111814923695,0.14511181492369502,15.967236900003627,207.73046875,249.30078125,41.5703125,1.1314221013888994,0.14767451482579752
TS3,spine,spine_forcing_20,2.0,1,0,3,186.80798549161113,0.09774160852500531,8008,16058,3150472.63330633,84287550.97597824,1911.243208605677,False,,3,93.40399274580557,42.852431682542075,177.90413601231722,714,723,10391.084203830545,36,47,8,80,87,2.5391614565383556,1.5391614565383556,1.5758955557606218,0.5758955557606218,0.9068854482177254,-0.09311455178227462,1.115424319366217,0.11542431936621698,1.140403142998443,0.14040314299844292,15.967236900003627,207.73046875,249.30078125,41.5703125,1.2501138434101269,0.1633659157049481
TS3,spine,spine_forcing_20,2.0,0,1,3,186.80798549161113,0.09774160852500531,8008,16058,3150472.63330633,84287550.97597824,1911.243208605677,False,,3,93.40399274580557,42.852431682542075,177.90413601231722,714,723,10391.084203830545,36,47,8,70,77,2.9370447965992197,1.9370447965992201,1.6542982462684237,0.6542982462684237,0.6794307880845822,-0.3205692119154177,1.0871728234806615,0.08717282348066147,1.1988274223817135,0.19882742238171347,16.01752699998906,208.61328125,258.18359375,49.5703125,1.1314221013888994,0.14767451482579752
TS3,spine,spine_forcing_20,2.0,1,1,3,186.80798549161113,0.09774160852500531,8008,16058,3150472.63330633,84287550.97597824,1911.243208605677,False,,3,93.40399274580557,42.852431682542075,177.90413601231722,714,723,10391.084203830545,36,47,8,80,87,2.9471457284948364,1.9471457284948366,1.6596870714159124,0.6596870714159124,0.6895317199801988,-0.3104682800198012,1.0925616486281502,0.09256164862815028,1.1929288376342986,0.19292883763429866,16.01752699998906,208.61328125,258.18359375,49.5703125,1.2501138434101269,0.1633659157049481
TS3,spine,spine_forcing_20,2.0,0,2,3,186.80798549161113,0.09774160852500531,8008,16058,3150472.63330633,84287550.97597824,1911.243208605677,False,,3,93.40399274580557,42.852431682542075,177.90413601231722,714,723,10391.084203830545,36,47,8,70,77,2.481632050929269,1.4816320509292693,1.5485219157907462,0.5485219157907463,0.49118875774855253,-0.5088112422514475,1.0259404616696133,0.025940461669613325,1.1580390625253631,0.15803906252536312,17.054473500000313,208.546875,274.1328125,65.5859375,1.1314221013888994,0.14767451482579752
TS3,spine,spine_forcing_20,2.0,1,2,3,186.80798549161113,0.09774160852500531,8008,16058,3150472.63330633,84287550.97597824,1911.243208605677,False,,3,93.40399274580557,42.852431682542075,177.90413601231722,714,723,10391.084203830545,36,47,8,80,87,2.5132586090271207,1.513258609027121,1.5586900207747922,0.5586900207747921,0.5228153158464041,-0.4771846841535959,1.0361085666536591,0.03610856665365912,1.1542738289396983,0.15427382893969835,17.054473500000313,208.546875,274.1328125,65.5859375,1.2501138434101269,0.1633659157049481
TS3,spine,spine_forcing_20,3.0,0,0,3,280.2119782374167,0.14661241278750797,8008,16058,3150472.63330633,84287550.97597824,1911.243208605677,False,,3,93.40399274580557,42.852431682542075,177.90413601231722,714,723,10391.084203830545,36,47,8,59,66,2.713481159130828,1.7134811591308277,1.5543267182398919,0.5543267182398919,0.847708545340616,-0.152291454659384,1.0487445973357297,0.04874459733572972,1.2284918683040569,0.22849186830405682,14.004070000024512,210.62109375,251.125,40.50390625,1.1314221013888994,0.14767451482579752
TS3,spine,spine_forcing_20,3.0,1,0,3,280.2119782374167,0.14661241278750797,8008,16058,3150472.63330633,84287550.97597824,1911.243208605677,False,,3,93.40399274580557,42.852431682542075,177.90413601231722,714,723,10391.084203830545,36,47,8,69,76,2.7382629116425776,1.738262911642578,1.5635421107724106,0.5635421107724107,0.8724902978523659,-0.1275097021476341,1.0579599898682486,0.05795998986824864,1.221621964069294,0.22162196406929413,14.004070000024512,210.62109375,251.125,40.50390625,1.2501138434101269,0.1633659157049481
TS3,spine,spine_forcing_20,3.0,0,1,3,280.2119782374167,0.14661241278750797,8008,16058,3150472.63330633,84287550.97597824,1911.243208605677,False,,3,93.40399274580557,42.852431682542075,177.90413601231722,714,723,10391.084203830545,36,47,8,59,66,2.578434565979883,1.578434565979883,1.5938962334605222,0.5938962334605223,1.0175423730401898,0.017542373040189792,1.1436009442233868,0.14360094422338673,1.1524785793518997,0.15247857935189973,13.21323409996694,203.63671875,245.79296875,42.15625,1.1314221013888994,0.14767451482579752
TS3,spine,spine_forcing_20,3.0,1,1,3,280.2119782374167,0.14661241278750797,8008,16058,3150472.63330633,84287550.97597824,1911.243208605677,False,,3,93.40399274580557,42.852431682542075,177.90413601231722,714,723,10391.084203830545,36,47,8,69,76,2.6008186578598913,1.6008186578598915,1.6026122953980328,0.602612295398033,1.0399264649201982,0.03992646492019818,1.152317006160898,0.1523170061608981,1.1469983655828841,0.14699836558288404,13.21323409996694,203.63671875,245.79296875,42.15625,1.2501138434101269,0.1633659157049481
TS3,spine,spine_forcing_20,3.0,0,2,3,280.2119782374167,0.14661241278750797,8008,16058,3150472.63330633,84287550.97597824,1911.243208605677,False,,3,93.40399274580557,42.852431682542075,177.90413601231722,714,723,10391.084203830545,36,47,8,59,66,2.7214521715923667,1.7214521715923665,1.6004066191337505,0.6004066191337505,0.7285734548985051,-0.27142654510149483,1.070871321451363,0.07087132145136302,1.2003140814294664,0.20031408142946638,13.15497889998369,204.05078125,241.375,37.32421875,1.1314221013888994,0.14767451482579752
TS3,spine,spine_forcing_20,3.0,1,2,3,280.2119782374167,0.14661241278750797,8008,16058,3150472.63330633,84287550.97597824,1911.243208605677,False,,3,93.40399274580557,42.852431682542075,177.90413601231722,714,723,10391.084203830545,36,47,8,69,76,2.745873504943137,1.7458735049431369,1.6094561199966113,0.6094561199966113,0.7529947882492756,-0.24700521175072446,1.0799208223142245,0.07992082231422444,1.1942300890890378,0.19423008908903774,13.15497889998369,204.05078125,241.375,37.32421875,1.2501138434101269,0.1633659157049481
TS4,spine,spine_forcing_20,1.0,0,0,3,106.17558930647016,0.037311176145292876,3333,6666,2215914.219802321,62868166.55277329,2845.6778980382023,True,1,1,106.17558930647016,41.758417064935294,197.07375769312816,319,319,6100.133297512871,13,13,1,58,58,1.7157994060593444,0.7157994060593444,1.2578260694088788,0.25782606940887887,1.286019448211394,0.28601944821139397,1.1124984713327433,0.1124984713327433,1.1467342496855637,0.14673424968556376,9.41654590005055,211.51171875,238.39453125,26.8828125,1.1928521446413787,0.14139922220090423
TS4,spine,spine_forcing_20,1.0,1,0,3,106.17558930647016,0.037311176145292876,3333,6666,2215914.219802321,62868166.55277329,2845.6778980382023,True,1,1,106.17558930647016,41.758417064935294,197.07375769312816,319,319,6100.133297512871,13,13,1,64,64,1.7202580715256557,0.7202580715256557,1.261088566965896,0.26108856696589605,1.2904781136777053,0.29047811367770526,1.1157609688897605,0.11576096888976051,1.1434600465780242,0.14346004657802422,9.41654590005055,211.51171875,238.39453125,26.8828125,1.4430319720959672,0.1714543303742293
TS4,spine,spine_forcing_20,1.0,0,1,3,106.17558930647016,0.037311176145292876,3333,6666,2215914.219802321,62868166.55277329,2845.6778980382023,True,1,1,106.17558930647016,41.758417064935294,197.07375769312816,319,319,6100.133297512871,13,13,1,58,58,1.7022864793744084,0.7022864793744084,1.2402320064460426,0.2402320064460426,1.3024771610665757,0.30247716106657574,1.1012070950666313,0.10120709506663127,1.1606855930516822,0.16068559305168226,9.406079499982297,205.62890625,232.3125,26.68359375,1.1928521446413787,0.14139922220090423
TS4,spine,spine_forcing_20,1.0,1,1,3,106.17558930647016,0.037311176145292876,3333,6666,2215914.219802321,62868166.55277329,2845.6778980382023,True,1,1,106.17558930647016,41.758417064935294,197.07375769312816,319,319,6100.133297512871,13,13,1,64,64,1.7068593148372804,0.7068593148372804,1.2435383144215792,0.24353831442157933,1.3070499965294478,0.3070499965294478,1.104513403042168,0.104513403042168,1.1572957580873406,0.1572957580873407,9.406079499982297,205.62890625,232.3125,26.68359375,1.4430319720959672,0.1714543303742293
TS4,spine,spine_forcing_20,1.0,0,2,3,106.17558930647016,0.037311176145292876,3333,6666,2215914.219802321,62868166.55277329,2845.6778980382023,True,1,1,106.17558930647016,41.758417064935294,197.07375769312816,319,319,6100.133297512871,13,13,1,58,58,1.7876596357845258,0.7876596357845258,1.2743959572193961,0.2743959572193962,1.3335001125115502,0.3335001125115502,1.124713746145426,0.12471374614542588,1.1668908418019146,0.16689084180191463,9.426424200006295,205.81640625,225.890625,20.07421875,1.1928521446413787,0.14139922220090423
TS4,spine,spine_forcing_20,1.0,1,2,3,106.17558930647016,0.037311176145292876,3333,6666,2215914.219802321,62868166.55277329,2845.6778980382023,True,1,1,106.17558930647016,41.758417064935294,197.07375769312816,319,319,6100.133297512871,13,13,1,64,64,1.7921610312159815,0.7921610312159814,1.277666613413602,0.27766661341360216,1.3380015079430059,0.3380015079430058,1.127984402339632,0.12798440233963185,1.1634623194060303,0.1634623194060302,9.426424200006295,205.81640625,225.890625,20.07421875,1.4430319720959672,0.1714543303742293
TS4,spine,spine_forcing_20,2.0,0,0,3,212.35117861294032,0.07462235229058575,3333,6666,2215914.219802321,62868166.55277329,2845.6778980382023,True,1,1,106.17558930647016,41.758417064935294,197.07375769312816,319,319,6100.133297512871,13,13,1,34,34,1.7615645097503883,0.7615645097503883,1.2355409774978197,0.23554097749781966,1.2107267435412263,0.21072674354122628,1.0497865251519591,0.04978652515195912,1.1927946441232942,0.19279464412329422,4.900694600015413,205.5703125,214.62890625,9.05859375,1.1928521446413787,0.14139922220090423
TS4,spine,spine_forcing_20,2.0,1,0,3,212.35117861294032,0.07462235229058575,3333,6666,2215914.219802321,62868166.55277329,2845.6778980382023,True,1,1,106.17558930647016,41.758417064935294,197.07375769312816,319,319,6100.133297512871,13,13,1,41,41,1.767197101324801,0.7671971013248008,1.2395069831252967,0.2395069831252967,1.2163593351156388,0.21635933511563885,1.0537525307794362,0.05375253077943616,1.1883235191669284,0.18832351916692833,4.900694600015413,205.5703125,214.62890625,9.05859375,1.4430319720959672,0.1714543303742293
TS4,spine,spine_forcing_20,2.0,0,1,3,212.35117861294032,0.07462235229058575,3333,6666,2215914.219802321,62868166.55277329,2845.6778980382023,True,1,1,106.17558930647016,41.758417064935294,197.07375769312816,319,319,6100.133297512871,13,13,1,34,34,1.7567767168967579,0.7567767168967579,1.2336478207477415,0.23364782074774143,1.2109901511901175,0.21099015119011746,1.0494297655769458,0.04942976557694589,1.1930941976193938,0.1930941976193939,4.963944300019648,214.609375,214.609375,0.0,1.1928521446413787,0.14139922220090423
TS4,spine,spine_forcing_20,2.0,1,1,3,212.35117861294032,0.07462235229058575,3333,6666,2215914.219802321,62868166.55277329,2845.6778980382023,True,1,1,106.17558930647016,41.758417064935294,197.07375769312816,319,319,6100.133297512871,13,13,1,41,41,1.7624788824366493,0.7624788824366492,1.2376526924924443,0.23765269249244433,1.2166923167300085,0.21669231673000858,1.0534346373216488,0.05343463732164878,1.1885972030429932,0.18859720304299332,4.963944300019648,214.609375,214.609375,0.0,1.4430319720959672,0.1714543303742293
TS4,spine,spine_forcing_20,2.0,0,2,3,212.35117861294032,0.07462235229058575,3333,6666,2215914.219802321,62868166.55277329,2845.6778980382023,True,1,1,106.17558930647016,41.758417064935294,197.07375769312816,319,319,6100.133297512871,13,13,1,34,34,1.7788395411067903,0.7788395411067903,1.2423861472434812,0.24238614724348106,1.214665629474027,0.2146656294740271,1.054002081651945,0.054002081651945096,1.1927616308426852,0.1927616308426851,5.111245800042525,205.484375,229.90234375,24.41796875,1.1928521446413787,0.14139922220090423
TS4,spine,spine_forcing_20,2.0,1,2,3,212.35117861294032,0.07462235229058575,3333,6666,2215914.219802321,62868166.55277329,2845.6778980382023,True,1,1,106.17558930647016,41.758417064935294,197.07375769312816,319,319,6100.133297512871,13,13,1,41,41,1.7844492309911686,0.7844492309911686,1.2463399685590741,0.2463399685590741,1.2202753193584053,0.22027531935840527,1.057955902967538,0.05795590296753812,1.188283396420533,0.18828339642053304,5.111245800042525,205.484375,229.90234375,24.41796875,1.4430319720959672,0.1714543303742293
TS4,spine,spine_forcing_20,3.0,0,0,3,318.5267679194105,0.11193352843587864,3333,6666,2215914.219802321,62868166.55277329,2845.6778980382023,True,1,1,106.17558930647016,41.758417064935294,197.07375769312816,319,319,6100.133297512871,13,13,1,26,26,2.143024600618015,1.143024600618015,1.3163953345025439,0.3163953345025438,1.5884488396967684,0.5884488396967683,1.129562917782604,0.12956291778260412,1.273132650158222,0.27313265015822213,3.546928800002206,215.0859375,215.79296875,0.70703125,1.1928521446413787,0.14139922220090423
TS4,spine,spine_forcing_20,3.0,1,0,3,318.5267679194105,0.11193352843587864,3333,6666,2215914.219802321,62868166.55277329,2845.6778980382023,True,1,1,106.17558930647016,41.758417064935294,197.07375769312816,319,319,6100.133297512871,13,13,1,33,33,2.1489239048438242,1.1489239048438242,1.3204891301487995,0.3204891301487996,1.5943481439225775,0.5943481439225776,1.13365671342886,0.1336567134288599,1.267506491729948,0.267506491729948,3.546928800002206,215.0859375,215.79296875,0.70703125,1.4430319720959672,0.1714543303742293
TS4,spine,spine_forcing_20,3.0,0,1,3,318.5267679194105,0.11193352843587864,3333,6666,2215914.219802321,62868166.55277329,2845.6778980382023,True,1,1,106.17558930647016,41.758417064935294,197.07375769312816,319,319,6100.133297512871,13,13,1,26,26,2.14122246625816,1.1412224662581598,1.3153682833538032,0.3153682833538032,1.5872345630345086,0.5872345630345086,1.1286231653194398,0.1286231653194399,1.273845577649735,0.273845577649735,3.5506423999904655,206.3984375,211.6015625,5.203125,1.1928521446413787,0.14139922220090423
TS4,spine,spine_forcing_20,3.0,1,1,3,318.5267679194105,0.11193352843587864,3333,6666,2215914.219802321,62868166.55277329,2845.6778980382023,True,1,1,106.17558930647016,41.758417064935294,197.07375769312816,319,319,6100.133297512871,13,13,1,33,33,2.147269297690908,1.1472692976909078,1.3195189048188123,0.31951890481881234,1.5932813944672566,0.5932813944672566,1.132773786784449,0.13277378678444904,1.2681766278710767,0.26817662787107666,3.5506423999904655,206.3984375,211.6015625,5.203125,1.4430319720959672,0.1714543303742293
TS4,spine,spine_forcing_20,3.0,0,2,3,318.5267679194105,0.11193352843587864,3333,6666,2215914.219802321,62868166.55277329,2845.6778980382023,True,1,1,106.17558930647016,41.758417064935294,197.07375769312816,319,319,6100.133297512871,13,13,1,26,26,2.061666542749054,1.0616665427490541,1.2848911743585993,0.28489117435859934,1.54692496232579,0.5469249623257899,1.1085798606582282,0.10857986065822826,1.2797958204866127,0.2797958204866128,3.630472099990584,206.2109375,214.390625,8.1796875,1.1928521446413787,0.14139922220090423
TS4,spine,spine_forcing_20,3.0,1,2,3,318.5267679194105,0.11193352843587864,3333,6666,2215914.219802321,62868166.55277329,2845.6778980382023,True,1,1,106.17558930647016,41.758417064935294,197.07375769312816,319,319,6100.133297512871,13,13,1,33,33,2.067740438797663,1.0677404387976623,1.2890643578101604,0.2890643578101605,1.5529988583743983,0.5529988583743984,1.1127530441097895,0.11275304410978941,1.2741058438921065,0.27410584389210657,3.630472099990584,206.2109375,214.390625,8.1796875,1.4430319720959672,0.1714543303742293
TS21,spine,spine_forcing_20,1.0,0,0,3,66.62062516563648,0.07650959166645895,2017,4040,477408.79144877417,7358716.042037744,870.7486697362981,False,,3,66.62062516563648,26.687468526489276,97.88160653127716,251,251,1798.3802200257046,11,11,1,34,34,1.9711862215941205,0.9711862215941206,1.3135298462166214,0.31352984621662133,1.3835307926924978,0.3835307926924977,1.0957711100771657,0.0957711100771657,1.2265437653467204,0.22654376534672047,4.436545500007924,212.25,212.25,0.0,1.1885231609854685,-0.017778284856013755
TS21,spine,spine_forcing_20,1.0,1,0,3,66.62062516563648,0.07650959166645895,2017,4040,477408.79144877417,7358716.042037744,870.7486697362981,False,,3,66.62062516563648,26.687468526489276,97.88160653127716,251,251,1798.3802200257046,11,11,1,41,41,1.9839376932693682,0.9839376932693682,1.321629064204335,0.3216290642043349,1.3962822643677453,0.39628226436774533,1.1038703280648796,0.10387032806487952,1.2181520181427021,0.21815201814270213,4.436545500007924,212.25,212.25,0.0,1.5144013533083887,-0.022493100437161864
TS21,spine,spine_forcing_20,1.0,0,1,3,66.62062516563648,0.07650959166645895,2017,4040,477408.79144877417,7358716.042037744,870.7486697362981,False,,3,66.62062516563648,26.687468526489276,97.88160653127716,251,251,1798.3802200257046,11,11,1,34,34,1.9345051191862341,0.9345051191862341,1.3010813300355826,0.3010813300355825,1.4705760920246047,0.47057609202460465,1.1138037907200184,0.11380379072001856,1.219146940016933,0.21914694001693308,4.457707899971865,208.27734375,211.484375,3.20703125,1.1885231609854685,-0.017778284856013755
TS21,spine,spine_forcing_20,1.0,1,1,3,66.62062516563648,0.07650959166645895,2017,4040,477408.79144877417,7358716.042037744,870.7486697362981,False,,3,66.62062516563648,26.687468526489276,97.88160653127716,251,251,1798.3802200257046,11,11,1,41,41,1.9472146767109957,0.9472146767109958,1.3091608404054293,0.3091608404054294,1.4832856495493663,0.4832856495493663,1.1218833010898654,0.12188330108986546,1.210811943389392,0.21081194338939208,4.457707899971865,208.27734375,211.484375,3.20703125,1.5144013533083887,-0.022493100437161864
TS21,spine,spine_forcing_20,1.0,0,2,3,66.62062516563648,0.07650959166645895,2017,4040,477408.79144877417,7358716.042037744,870.7486697362981,False,,3,66.62062516563648,26.687468526489276,97.88160653127716,251,251,1798.3802200257046,11,11,1,34,34,1.9175696290154,0.9175696290154,1.29221417834539,0.29221417834539,1.4234235751466588,0.42342357514665896,1.0974062868096455,0.09740628680964555,1.2241282083358844,0.22412820833588448,4.470412299968302,209.26953125,209.46484375,0.1953125,1.1885231609854685,-0.017778284856013755
TS21,spine,spine_forcing_20,1.0,1,2,3,66.62062516563648,0.07650959166645895,2017,4040,477408.79144877417,7358716.042037744,870.7486697362981,False,,3,66.62062516563648,26.687468526489276,97.88160653127716,251,251,1798.3802200257046,11,11,1,41,41,1.930331423797397,0.930331423797397,1.3002887755555448,0.3002887755555447,1.4361853699286558,0.43618536992865586,1.1054808840198,0.10548088401980013,1.2158677673750435,0.2158677673750435,4.470412299968302,209.26953125,209.46484375,0.1953125,1.5144013533083887,-0.022493100437161864
TS21,spine,spine_forcing_20,2.0,0,0,3,133.24125033127297,0.1530191833329179,2017,4040,477408.79144877417,7358716.042037744,870.7486697362981,False,,3,66.62062516563648,26.687468526489276,97.88160653127716,251,251,1798.3802200257046,11,11,1,21,21,2.0030238825218247,1.0030238825218247,1.2309590573519367,0.23095905735193661,1.2944231344285704,0.2944231344285704,0.9833326199167923,-0.016667380083207724,1.367562493976744,0.36756249397674395,2.386312299990095,207.484375,213.09765625,5.61328125,1.1885231609854685,-0.017778284856013755
TS21,spine,spine_forcing_20,2.0,1,0,3,133.24125033127297,0.1530191833329179,2017,4040,477408.79144877417,7358716.042037744,870.7486697362981,False,,3,66.62062516563648,26.687468526489276,97.88160653127716,251,251,1798.3802200257046,11,11,1,28,28,2.0189217677419173,1.0189217677419171,1.2400684458024518,0.24006844580245176,1.310321019648663,0.31032101964866304,0.992442008367308,-0.0075579916326919735,1.3566367721105257,0.35663677211052575,2.386312299990095,207.484375,213.09765625,5.61328125,1.5144013533083887,-0.022493100437161864
TS21,spine,spine_forcing_20,2.0,0,1,3,133.24125033127297,0.1530191833329179,2017,4040,477408.79144877417,7358716.042037744,870.7486697362981,False,,3,66.62062516563648,26.687468526489276,97.88160653127716,251,251,1798.3802200257046,11,11,1,21,21,1.995008289164867,0.9950082891648669,1.2223638940064485,0.22236389400644843,1.330696475326778,0.330696475326778,0.9845481326163726,-0.015451867383627402,1.3776648162519396,0.3776648162519395,2.316848899994511,207.5546875,214.125,6.5703125,1.1885231609854685,-0.017778284856013755
TS21,spine,spine_forcing_20,2.0,1,1,3,133.24125033127297,0.1530191833329179,2017,4040,477408.79144877417,7358716.042037744,870.7486697362981,False,,3,66.62062516563648,26.687468526489276,97.88160653127716,251,251,1798.3802200257046,11,11,1,28,28,2.0106078995860224,1.0106078995860226,1.2313786172857164,0.2313786172857163,1.3462960857479336,0.34629608574793347,0.9935628558956408,-0.006437144104359302,1.366607458030438,0.3666074580304378,2.316848899994511,207.5546875,214.125,6.5703125,1.5144013533083887,-0.022493100437161864
TS21,spine,spine_forcing_20,2.0,0,2,3,133.24125033127297,0.1530191833329179,2017,4040,477408.79144877417,7358716.042037744,870.7486697362981,False,,3,66.62062516563648,26.687468526489276,97.88160653127716,251,251,1798.3802200257046,11,11,1,21,21,1.945833146487621,0.9458331464876211,1.2054480333780133,0.20544803337801323,1.330465355136471,0.33046535513647085,0.9782951345387024,-0.02170486546129757,1.3768404917614754,0.37684049176147527,2.2917268999735825,214.10546875,214.75390625,0.6484375,1.1885231609854685,-0.017778284856013755
TS21,spine,spine_forcing_20,2.0,1,2,3,133.24125033127297,0.1530191833329179,2017,4040,477408.79144877417,7358716.042037744,870.7486697362981,False,,3,66.62062516563648,26.687468526489276,97.88160653127716,251,251,1798.3802200257046,11,11,1,28,28,1.960610601817849,0.960610601817849,1.214233238944985,0.21423323894498503,1.3452428104666987,0.3452428104666988,0.9870803401056742,-0.012919659894325778,1.3658881357756456,0.36588813577564566,2.2917268999735825,214.10546875,214.75390625,0.6484375,1.5144013533083887,-0.022493100437161864
TS21,spine,spine_forcing_20,3.0,0,0,3,199.86187549690945,0.22952877499937682,2017,4040,477408.79144877417,7358716.042037744,870.7486697362981,False,,3,66.62062516563648,26.687468526489276,97.88160653127716,251,251,1798.3802200257046,11,11,1,19,19,2.1034194343570305,1.1034194343570303,1.246087396926813,0.24608739692681297,1.4347114168188329,0.43471141681883285,1.0059704210838698,0.005970421083869739,1.393234959932843,0.39323495993284296,2.28144659998361,214.734375,215.0078125,0.2734375,1.1885231609854685,-0.017778284856013755
TS21,spine,spine_forcing_20,3.0,1,0,3,199.86187549690945,0.22952877499937682,2017,4040,477408.79144877417,7358716.042037744,870.7486697362981,False,,3,66.62062516563648,26.687468526489276,97.88160653127716,251,251,1798.3802200257046,11,11,1,26,26,2.1199022443982267,1.1199022443982267,1.2553209660130922,0.2553209660130923,1.4511942268600293,0.45119422686002936,1.0152039901701482,0.01520399017014818,1.3814047498270468,0.3814047498270468,2.28144659998361,214.734375,215.0078125,0.2734375,1.5144013533083887,-0.022493100437161864
TS21,spine,spine_forcing_20,3.0,0,1,3,199.86187549690945,0.22952877499937682,2017,4040,477408.79144877417,7358716.042037744,870.7486697362981,False,,3,66.62062516563648,26.687468526489276,97.88160653127716,251,251,1798.3802200257046,11,11,1,19,19,2.1642137621439206,1.1642137621439204,1.2603334676186237,0.26033346761862386,1.459896077747675,0.459896077747675,1.011221356404788,0.011221356404788102,1.40440939303155,0.4044093930315501,2.1814439999870956,214.98828125,215.02734375,0.0390625,1.1885231609854685,-0.017778284856013755
TS21,spine,spine_forcing_20,3.0,1,1,3,199.86187549690945,0.22952877499937682,2017,4040,477408.79144877417,7358716.042037744,870.7486697362981,False,,3,66.62062516563648,26.687468526489276,97.88160653127716,251,251,1798.3802200257046,11,11,1,26,26,2.1807735228462746,1.1807735228462746,1.269592804856751,0.2695928048567511,1.476455838450029,0.4764558384500291,1.0204806936429154,0.02048069364291535,1.3922757110432347,0.39227571104323466,2.1814439999870956,214.98828125,215.02734375,0.0390625,1.5144013533083887,-0.022493100437161864
TS21,spine,spine_forcing_20,3.0,0,2,3,199.86187549690945,0.22952877499937682,2017,4040,477408.79144877417,7358716.042037744,870.7486697362981,False,,3,66.62062516563648,26.687468526489276,97.88160653127716,251,251,1798.3802200257046,11,11,1,19,19,2.3383853593143193,1.3383853593143196,1.311741877417636,0.3117418774176359,1.5180258265995548,0.5180258265995548,1.0372549752690503,0.03725497526905034,1.4155531664469925,0.41555316644699253,2.0923133000032976,215.0078125,215.0390625,0.03125,1.1885231609854685,-0.017778284856013755
TS21,spine,spine_forcing_20,3.0,1,2,3,199.86187549690945,0.22952877499937682,2017,4040,477408.79144877417,7358716.042037744,870.7486697362981,False,,3,66.62062516563648,26.687468526489276,97.88160653127716,251,251,1798.3802200257046,11,11,1,26,26,2.3533280863405315,1.3533280863405313,1.320523005961275,0.3205230059612749,1.5329685536257667,0.5329685536257667,1.0460361038126893,0.04603610381268921,1.4031818070725337,0.40318180707253365,2.0923133000032976,215.0078125,215.0390625,0.03125,1.5144013533083887,-0.022493100437161864
TS24,spine,spine_forcing_20,1.0,0,0,3,94.5948394598374,0.04816855016997171,3331,6666,1351432.4592967639,31208936.931725997,1963.8299082293713,True,2,1,94.5948394598374,37.63860503015996,136.9558575537136,323,324,4307.451132414145,13,15,2,52,53,2.0222724223361794,1.0222724223361792,1.3951595652734068,0.3951595652734068,1.4448266782838641,0.444826678283864,1.1784048325844676,0.17840483258446765,1.125689105496192,0.12568910549619197,7.587768099969253,215.94921875,216.1015625,0.15234375,1.2974716703297058,-0.006221614740600265
TS24,spine,spine_forcing_20,1.0,1,0,3,94.5948394598374,0.04816855016997171,3331,6666,1351432.4592967639,31208936.931725997,1963.8299082293713,True,2,1,94.5948394598374,37.63860503015996,136.9558575537136,323,324,4307.451132414145,13,15,2,59,60,2.0416531333657866,1.0416531333657866,1.4040125948805395,0.4040125948805396,1.4642073893134713,0.46420738931347133,1.1872578621916003,0.18725786219160045,1.1201968840642509,0.12019688406425098,7.587768099969253,215.94921875,216.1015625,0.15234375,1.6246908320517275,-0.007807616952545794
TS24,spine,spine_forcing_20,1.0,0,1,3,94.5948394598374,0.04816855016997171,3331,6666,1351432.4592967639,31208936.931725997,1963.8299082293713,True,2,1,94.5948394598374,37.63860503015996,136.9558575537136,323,324,4307.451132414145,13,15,2,52,53,2.1739789824615343,1.1739789824615343,1.4761297261893322,0.4761297261893323,1.4816676583784063,0.48166765837840625,1.2334247283264754,0.23342472832647546,1.108448853199873,0.10844885319987313,7.492618500022218,216.08203125,217.234375,1.15234375,1.2974716703297058,-0.006221614740600265
TS24,spine,spine_forcing_20,1.0,1,1,3,94.5948394598374,0.04816855016997171,3331,6666,1351432.4592967639,31208936.931725997,1963.8299082293713,True,2,1,94.5948394598374,37.63860503015996,136.9558575537136,323,324,4307.451132414145,13,15,2,59,60,2.193089543382157,1.1930895433821571,1.4849198978631544,0.48491989786315426,1.500778219299029,0.5007782192990291,1.2422149000002973,0.24221490000029738,1.1027579586018674,0.10275795860186739,7.492618500022218,216.08203125,217.234375,1.15234375,1.6246908320517275,-0.007807616952545794
TS24,spine,spine_forcing_20,1.0,0,2,3,94.5948394598374,0.04816855016997171,3331,6666,1351432.4592967639,31208936.931725997,1963.8299082293713,True,2,1,94.5948394598374,37.63860503015996,136.9558575537136,323,324,4307.451132414145,13,15,2,52,53,1.985100782012129,0.9851007820121289,1.3966210892912472,0.39662108929124723,1.3953217477125623,0.39532174771256234,1.1757791186709747,0.1757791186709747,1.1050010787402622,0.10500107874026214,7.603494499984663,217.21484375,217.66796875,0.453125,1.2974716703297058,-0.006221614740600265
TS24,spine,spine_forcing_20,1.0,1,2,3,94.5948394598374,0.04816855016997171,3331,6666,1351432.4592967639,31208936.931725997,1963.8299082293713,True,2,1,94.5948394598374,37.63860503015996,136.9558575537136,323,324,4307.451132414145,13,15,2,59,60,2.0042459943154585,1.0042459943154587,1.4054173647806283,0.4054173647806283,1.414466960015892,0.4144669600158918,1.1845753941603558,0.18457539416035576,1.0998261465868244,0.09982614658682434,7.603494499984663,217.21484375,217.66796875,0.453125,1.6246908320517275,-0.007807616952545794
TS24,spine,spine_forcing_20,2.0,0,0,3,189.1896789196748,0.09633710033994342,3331,6666,1351432.4592967639,31208936.931725997,1963.8299082293713,True,2,1,94.5948394598374,37.63860503015996,136.9558575537136,323,324,4307.451132414145,13,15,2,33,34,2.031045205453797,1.0310452054537969,1.37660543529349,0.37660543529348994,1.3164384485002683,0.3164384485002682,1.124957092565016,0.12495709256501618,1.137311500976657,0.13731150097665706,4.27047390001826,216.87109375,217.1171875,0.24609375,1.2974716703297058,-0.006221614740600265
TS24,spine,spine_forcing_20,2.0,1,0,3,189.1896789196748,0.09633710033994342,3331,6666,1351432.4592967639,31208936.931725997,1963.8299082293713,True,2,1,94.5948394598374,37.63860503015996,136.9558575537136,323,324,4307.451132414145,13,15,2,41,42,2.0582997278490383,1.058299727849038,1.388513581980262,0.38851358198026215,1.3436929708955094,0.34369297089550943,1.1368652392517886,0.13686523925178856,1.1298357428223795,0.12983574282237942,4.27047390001826,216.87109375,217.1171875,0.24609375,1.6246908320517275,-0.007807616952545794
TS24,spine,spine_forcing_20,2.0,0,1,3,189.1896789196748,0.09633710033994342,3331,6666,1351432.4592967639,31208936.931725997,1963.8299082293713,True,2,1,94.5948394598374,37.63860503015996,136.9558575537136,323,324,4307.451132414145,13,15,2,33,34,2.093578781644606,1.0935787816446056,1.3864090321803613,0.38640903218036116,1.3534073839139693,0.3534073839139694,1.128378406789936,0.12837840678993612,1.154836557455668,0.15483655745566813,4.4585843999520876,217.09765625,217.41015625,0.3125,1.2974716703297058,-0.006221614740600265
TS24,spine,spine_forcing_20,2.0,1,1,3,189.1896789196748,0.09633710033994342,3331,6666,1351432.4592967639,31208936.931725997,1963.8299082293713,True,2,1,94.5948394598374,37.63860503015996,136.9558575537136,323,324,4307.451132414145,13,15,2,41,42,2.1208567402541623,1.1208567402541625,1.3983294435864133,0.3983294435864132,1.3806853425235261,0.3806853425235262,1.140298818195988,0.1402988181959882,1.1467680903170303,0.1467680903170303,4.4585843999520876,217.09765625,217.41015625,0.3125,1.6246908320517275,-0.007807616952545794
TS24,spine,spine_forcing_20,2.0,0,2,3,189.1896789196748,0.09633710033994342,3331,6666,1351432.4592967639,31208936.931725997,1963.8299082293713,True,2,1,94.5948394598374,37.63860503015996,136.9558575537136,323,324,4307.451132414145,13,15,2,33,34,1.9996287031864513,0.9996287031864513,1.3510957087078221,0.35109570870782203,1.3048200517098876,0.3048200517098877,1.101392606894235,0.101392606894235,1.1522673818270652,0.15226738182706528,4.280016999982763,217.390625,218.84375,1.453125,1.2974716703297058,-0.006221614740600265
TS24,spine,spine_forcing_20,2.0,1,2,3,189.1896789196748,0.09633710033994342,3331,6666,1351432.4592967639,31208936.931725997,1963.8299082293713,True,2,1,94.5948394598374,37.63860503015996,136.9558575537136,323,324,4307.451132414145,13,15,2,41,42,2.0266822413292114,1.0266822413292114,1.3629473385054132,0.36294733850541316,1.3318735898526477,0.33187358985264775,1.113244236691826,0.11324423669182611,1.1446242533728272,0.1446242533728273,4.280016999982763,217.390625,218.84375,1.453125,1.6246908320517275,-0.007807616952545794
TS24,spine,spine_forcing_20,3.0,0,0,3,283.7845183795122,0.1445056505099151,3331,6666,1351432.4592967639,31208936.931725997,1963.8299082293713,True,2,1,94.5948394598374,37.63860503015996,136.9558575537136,323,324,4307.451132414145,13,15,2,28,29,2.3649020360776998,1.3649020360777,1.4340584754168333,0.43405847541683323,1.563554974510437,0.5635549745104369,1.1617002652398083,0.16170026523980832,1.2079600882287556,0.20796008822875553,3.4657661000383087,218.82421875,218.82421875,0.0,1.2974716703297058,-0.006221614740600265
TS24,spine,spine_forcing_20,3.0,1,0,3,283.7845183795122,0.1445056505099151,3331,6666,1351432.4592967639,31208936.931725997,1963.8299082293713,True,2,1,94.5948394598374,37.63860503015996,136.9558575537136,323,324,4307.451132414145,13,15,2,36,37,2.3919962399306103,1.3919962399306103,1.4459108584444054,0.4459108584444055,1.5906491783633474,0.5906491783633474,1.1735526482673806,0.17355264826738054,1.1976879428382896,0.1976879428382897,3.4657661000383087,218.82421875,218.82421875,0.0,1.6246908320517275,-0.007807616952545794
TS24,spine,spine_forcing_20,3.0,0,1,3,283.7845183795122,0.1445056505099151,3331,6666,1351432.4592967639,31208936.931725997,1963.8299082293713,True,2,1,94.5948394598374,37.63860503015996,136.9558575537136,323,324,4307.451132414145,13,15,2,28,29,2.3422011434682632,1.3422011434682635,1.430331169142368,0.43033116914236785,1.6021630630529577,0.6021630630529577,1.173669033395937,0.17366903339593703,1.201840518767963,0.20184051876796302,3.484639900038019,218.23828125,218.3046875,0.06640625,1.2974716703297058,-0.006221614740600265
TS24,spine,spine_forcing_20,3.0,1,1,3,283.7845183795122,0.1445056505099151,3331,6666,1351432.4592967639,31208936.931725997,1963.8299082293713,True,2,1,94.5948394598374,37.63860503015996,136.9558575537136,323,324,4307.451132414145,13,15,2,36,37,2.3692496490051473,1.3692496490051473,1.4421820484839196,0.4421820484839197,1.6292115685898418,0.6292115685898418,1.185519912737489,0.18551991273748886,1.191711836714983,0.19171183671498312,3.484639900038019,218.23828125,218.3046875,0.06640625,1.6246908320517275,-0.007807616952545794
TS24,spine,spine_forcing_20,3.0,0,2,3,283.7845183795122,0.1445056505099151,3331,6666,1351432.4592967639,31208936.931725997,1963.8299082293713,True,2,1,94.5948394598374,37.63860503015996,136.9558575537136,323,324,4307.451132414145,13,15,2,28,29,2.2830645099412483,1.2830645099412485,1.4266194314864784,0.4266194314864784,1.5341210074776692,0.5341210074776692,1.1665799299667414,0.1665799299667414,1.185304210401248,0.185304210401248,3.3862685000058264,218.28125,218.30078125,0.01953125,1.2974716703297058,-0.006221614740600265
TS24,spine,spine_forcing_20,3.0,1,2,3,283.7845183795122,0.1445056505099151,3331,6666,1351432.4592967639,31208936.931725997,1963.8299082293713,True,2,1,94.5948394598374,37.63860503015996,136.9558575537136,323,324,4307.451132414145,13,15,2,36,37,2.3103455452187385,1.3103455452187385,1.4385405300636807,0.43854053006368066,1.5614020427551594,0.5614020427551593,1.1785010285439437,0.17850102854394367,1.1757891689661446,0.17578916896614452,3.3862685000058264,218.28125,218.30078125,0.01953125,1.6246908320517275,-0.007807616952545794
TS48,spine,spine_forcing_20,1.0,0,0,3,107.8594752799734,0.06844930397090217,3335,6666,1024237.6056875429,28933719.594191074,1575.757078929897,True,0,1,107.8594752799734,39.87353530285784,197.92422118379002,255,254,2812.0365345288587,9,7,0,32,31,2.084091051221481,1.0840910512214814,1.5630285933279977,0.5630285933279977,1.1696897311242596,0.16968973112425959,1.2458849462441304,0.2458849462441305,0.9810788032334374,-0.018921196766562596,4.791186399990693,219.16796875,220.08984375,0.921875,1.3991874005914455,-0.041264068505627756
TS48,spine,spine_forcing_20,1.0,1,0,3,107.8594752799734,0.06844930397090217,3335,6666,1024237.6056875429,28933719.594191074,1575.757078929897,True,0,1,107.8594752799734,39.87353530285784,197.92422118379002,255,254,2812.0365345288587,9,7,0,40,39,2.199241326373554,1.199241326373554,1.5934999390829208,0.5934999390829208,1.284840006276332,0.2848400062763322,1.2763562919990536,0.2763562919990536,0.9880282573181827,-0.01197174268181731,4.791186399990693,219.16796875,220.08984375,0.921875,1.8557584078175533,-0.05472901059408904
TS48,spine,spine_forcing_20,1.0,0,1,3,107.8594752799734,0.06844930397090217,3335,6666,1024237.6056875429,28933719.594191074,1575.757078929897,True,0,1,107.8594752799734,39.87353530285784,197.92422118379002,255,254,2812.0365345288587,9,7,0,32,31,2.1566721572987735,1.1566721572987735,1.5970821257673538,0.5970821257673536,1.1999520751779271,0.19995207517792712,1.2709505724302144,0.2709505724302144,0.9848386019213293,-0.015161398078670653,4.83639489999041,216.34765625,217.8359375,1.48828125,1.3991874005914455,-0.041264068505627756
TS48,spine,spine_forcing_20,1.0,1,1,3,107.8594752799734,0.06844930397090217,3335,6666,1024237.6056875429,28933719.594191074,1575.757078929897,True,0,1,107.8594752799734,39.87353530285784,197.92422118379002,255,254,2812.0365345288587,9,7,0,40,39,2.258133122584916,1.2581331225849157,1.6255705943479515,0.6255705943479515,1.3014130404640691,0.30141304046406914,1.2994390410108123,0.2994390410108122,0.9875845306207163,-0.01241546937928372,4.83639489999041,216.34765625,217.8359375,1.48828125,1.8557584078175533,-0.05472901059408904
TS48,spine,spine_forcing_20,1.0,0,2,3,107.8594752799734,0.06844930397090217,3335,6666,1024237.6056875429,28933719.594191074,1575.757078929897,True,0,1,107.8594752799734,39.87353530285784,197.92422118379002,255,254,2812.0365345288587,9,7,0,32,31,2.0885527709504976,1.0885527709504978,1.5373764109368273,0.5373764109368273,0.9382600670185609,-0.061739932981439136,1.1732219498514007,0.17322194985140066,1.0079172447001061,0.007917244700106053,4.999944699986372,215.9296875,217.8046875,1.875,1.3991874005914455,-0.041264068505627756
TS48,spine,spine_forcing_20,1.0,1,2,3,107.8594752799734,0.06844930397090217,3335,6666,1024237.6056875429,28933719.594191074,1575.757078929897,True,0,1,107.8594752799734,39.87353530285784,197.92422118379002,255,254,2812.0365345288587,9,7,0,40,39,2.1667244395128673,1.1667244395128673,1.562212345732348,0.562212345732348,1.0164317355809303,0.016431735580930352,1.1980578846469214,0.1980578846469213,1.006245996188394,0.006245996188394011,4.999944699986372,215.9296875,217.8046875,1.875,1.8557584078175533,-0.05472901059408904
TS48,spine,spine_forcing_20,2.0,0,0,3,215.7189505599468,0.13689860794180433,3335,6666,1024237.6056875429,28933719.594191074,1575.757078929897,True,0,1,107.8594752799734,39.87353530285784,197.92422118379002,255,254,2812.0365345288587,9,7,0,19,18,2.0877147331163735,1.0877147331163735,1.4893192540716347,0.48931925407163473,1.0944723087001742,0.09447230870017422,1.1537296482386652,0.15372964823866528,1.0401384093495745,0.040138409349574425,2.299432199972216,216.6640625,220.08984375,3.42578125,1.3991874005914455,-0.041264068505627756
TS48,spine,spine_forcing_20,2.0,1,0,3,215.7189505599468,0.13689860794180433,3335,6666,1024237.6056875429,28933719.594191074,1575.757078929897,True,0,1,107.8594752799734,39.87353530285784,197.92422118379002,255,254,2812.0365345288587,9,7,0,27,26,2.203303817930808,1.2033038179308082,1.5198318930922727,0.5198318930922726,1.2100613935146087,0.21006139351460867,1.1842422872593033,0.18424228725930314,1.0455515549434715,0.0455515549434715,2.299432199972216,216.6640625,220.08984375,3.42578125,1.8557584078175533,-0.05472901059408904
TS48,spine,spine_forcing_20,2.0,0,1,3,215.7189505599468,0.13689860794180433,3335,6666,1024237.6056875429,28933719.594191074,1575.757078929897,True,0,1,107.8594752799734,39.87353530285784,197.92422118379002,255,254,2812.0365345288587,9,7,0,19,18,2.1142414835127568,1.1142414835127565,1.492826848559348,0.492826848559348,1.0824187211025678,0.0824187211025677,1.147793817641622,0.14779381764162208,1.0479090230504235,0.0479090230504236,2.519308599992655,220.0703125,225.05859375,4.98828125,1.3991874005914455,-0.041264068505627756
TS48,spine,spine_forcing_20,2.0,1,1,3,215.7189505599468,0.13689860794180433,3335,6666,1024237.6056875429,28933719.594191074,1575.757078929897,True,0,1,107.8594752799734,39.87353530285784,197.92422118379002,255,254,2812.0365345288587,9,7,0,27,26,2.2203976963315433,1.2203976963315433,1.5220249373295278,0.5220249373295278,1.1885749339213545,0.18857493392135447,1.1769919064118022,0.17699190641180212,1.050404098815556,0.05040409881555602,2.519308599992655,220.0703125,225.05859375,4.98828125,1.8557584078175533,-0.05472901059408904
TS48,spine,spine_forcing_20,2.0,0,2,3,215.7189505599468,0.13689860794180433,3335,6666,1024237.6056875429,28933719.594191074,1575.757078929897,True,0,1,107.8594752799734,39.87353530285784,197.92422118379002,255,254,2812.0365345288587,9,7,0,19,18,2.1647573750875355,1.1647573750875355,1.5103321317542064,0.5103321317542064,1.0885462847447245,0.08854628474472438,1.1561772680783702,0.1561772680783701,1.0512746986926327,0.05127469869263273,2.1801502000307664,219.30078125,220.015625,0.71484375,1.3991874005914455,-0.041264068505627756
TS48,spine,spine_forcing_20,2.0,1,2,3,215.7189505599468,0.13689860794180433,3335,6666,1024237.6056875429,28933719.594191074,1575.757078929897,True,0,1,107.8594752799734,39.87353530285784,197.92422118379002,255,254,2812.0365345288587,9,7,0,27,26,2.266923801062195,1.2669238010621948,1.5389319098037983,0.5389319098037982,1.1907127107193838,0.19071271071938367,1.1847770461279619,0.18477704612796175,1.0519307608248298,0.05193076082482989,2.1801502000307664,219.30078125,220.015625,0.71484375,1.8557584078175533,-0.05472901059408904
TS48,spine,spine_forcing_20,3.0,0,0,3,323.5784258399202,0.20534791191270652,3335,6666,1024237.6056875429,28933719.594191074,1575.757078929897,True,0,1,107.8594752799734,39.87353530285784,197.92422118379002,255,254,2812.0365345288587,9,7,0,19,18,2.128137148189887,1.128137148189887,1.4964413473074911,0.4964413473074911,1.0997605090293485,0.09976050902934853,1.1515845487193412,0.15158454871934132,1.047222766179133,0.04722276617913291,2.3073161999927834,219.99609375,220.05078125,0.0546875,1.3991874005914455,-0.041264068505627756
TS48,spine,spine_forcing_20,3.0,1,0,3,323.5784258399202,0.20534791191270652,3335,6666,1024237.6056875429,28933719.594191074,1575.757078929897,True,0,1,107.8594752799734,39.87353530285784,197.92422118379002,255,254,2812.0365345288587,9,7,0,27,26,2.2318137915315543,1.2318137915315546,1.525280700687342,0.5252807006873418,1.203437152371016,0.20343715237101598,1.180423902099192,0.180423902099192,1.0487328184278426,0.04873281842784258,2.3073161999927834,219.99609375,220.05078125,0.0546875,1.8557584078175533,-0.05472901059408904
TS48,spine,spine_forcing_20,3.0,0,1,3,323.5784258399202,0.20534791191270652,3335,6666,1024237.6056875429,28933719.594191074,1575.757078929897,True,0,1,107.8594752799734,39.87353530285784,197.92422118379002,255,254,2812.0365345288587,9,7,0,19,18,2.136414037290778,1.1364140372907778,1.507613549476744,0.5076135494767439,1.101334194655335,0.10133419465533491,1.1622648532461366,0.16226485324613663,1.0427941000702852,0.042794100070285175,2.276229200011585,220.03125,220.05078125,0.01953125,1.3991874005914455,-0.041264068505627756
TS48,spine,spine_forcing_20,3.0,1,1,3,323.5784258399202,0.20534791191270652,3335,6666,1024237.6056875429,28933719.594191074,1575.757078929897,True,0,1,107.8594752799734,39.87353530285784,197.92422118379002,255,254,2812.0365345288587,9,7,0,27,26,2.251218296355208,1.251218296355208,1.5380136562654743,0.5380136562654744,1.216138453719765,0.21613845371976506,1.192664960034867,0.19266496003486708,1.047020870010498,0.047020870010498025,2.276229200011585,220.03125,220.05078125,0.01953125,1.8557584078175533,-0.05472901059408904
TS48,spine,spine_forcing_20,3.0,0,2,3,323.5784258399202,0.20534791191270652,3335,6666,1024237.6056875429,28933719.594191074,1575.757078929897,True,0,1,107.8594752799734,39.87353530285784,197.92422118379002,255,254,2812.0365345288587,9,7,0,19,18,2.1156790165635546,1.1156790165635544,1.498369756983899,0.49836975698389885,1.1344220378313268,0.13442203783132675,1.1637826609172834,0.1637826609172835,1.038865548436171,0.038865548436171064,2.2745685999980196,220.03125,221.375,1.34375,1.3991874005914455,-0.041264068505627756
TS48,spine,spine_forcing_20,3.0,1,2,3,323.5784258399202,0.20534791191270652,3335,6666,1024237.6056875429,28933719.594191074,1575.757078929897,True,0,1,107.8594752799734,39.87353530285784,197.92422118379002,255,254,2812.0365345288587,9,7,0,27,26,2.2287325444734045,1.2287325444734045,1.5285529993828464,0.5285529993828464,1.2474755657411765,0.24747556574117655,1.1939659033162309,0.19396590331623098,1.0428283450343048,0.0428283450343048,2.2745685999980196,220.03125,221.375,1.34375,1.8557584078175533,-0.05472901059408904
TS67,spine,spine_forcing_20,1.0,0,0,3,78.16611755972033,0.05984738125192367,1694,3394,957339.6911641813,19331473.79737958,1306.0908585237028,False,,2,78.16611755972033,32.48410440964262,131.98519329097633,296,297,3301.3090471440128,12,13,2,48,49,3.83351831409525,2.8335183140952496,1.9197979329252488,0.9197979329252488,1.9411549538492394,0.9411549538492394,1.4520629396983826,0.4520629396983825,1.2252647522371982,0.2252647522371983,6.339159799972549,219.5234375,230.03515625,10.51171875,1.2194321811218454,0.04234110944101553
TS67,spine,spine_forcing_20,1.0,1,0,3,78.16611755972033,0.05984738125192367,1694,3394,957339.6911641813,19331473.79737958,1306.0908585237028,False,,2,78.16611755972033,32.48410440964262,131.98519329097633,296,297,3301.3090471440128,12,13,2,54,55,3.848471374767675,2.8484713747676746,1.9273917914321863,0.9273917914321863,1.9561080145216645,0.9561080145216646,1.4596567982053201,0.45965679820532007,1.2164766493638772,0.21647664936387712,6.339159799972549,219.5234375,230.03515625,10.51171875,1.4452237843466458,0.05064328779392755
TS67,spine,spine_forcing_20,1.0,0,1,3,78.16611755972033,0.05984738125192367,1694,3394,957339.6911641813,19331473.79737958,1306.0908585237028,False,,2,78.16611755972033,32.48410440964262,131.98519329097633,296,297,3301.3090471440128,12,13,2,48,49,4.012448093044916,3.0124480930449153,1.9754311927144657,0.9754311927144655,2.229937848181484,1.2299378481814842,1.5185601081373248,0.5185601081373248,1.2152185578894215,0.21521855788942149,6.303256499988493,221.734375,224.875,3.140625,1.2194321811218454,0.04234110944101553
TS67,spine,spine_forcing_20,1.0,1,1,3,78.16611755972033,0.05984738125192367,1694,3394,957339.6911641813,19331473.79737958,1306.0908585237028,False,,2,78.16611755972033,32.48410440964262,131.98519329097633,296,297,3301.3090471440128,12,13,2,54,55,4.027199185468168,3.0271991854681684,1.982961503476591,0.9829615034765911,2.2446889406047372,1.2446889406047372,1.5260904188994502,0.5260904188994503,1.2064894949678644,0.20648949496786434,6.303256499988493,221.734375,224.875,3.140625,1.4452237843466458,0.05064328779392755
TS67,spine,spine_forcing_20,1.0,0,2,3,78.16611755972033,0.05984738125192367,1694,3394,957339.6911641813,19331473.79737958,1306.0908585237028,False,,2,78.16611755972033,32.48410440964262,131.98519329097633,296,297,3301.3090471440128,12,13,2,48,49,3.867584955832069,2.867584955832069,1.942573151507125,0.942573151507125,2.0840047620780204,1.0840047620780202,1.4863302508911378,0.4863302508911379,1.225156391930478,0.22515639193047807,6.208602100028656,218.26953125,229.22265625,10.953125,1.2194321811218454,0.04234110944101553
TS67,spine,spine_forcing_20,1.0,1,2,3,78.16611755972033,0.05984738125192367,1694,3394,957339.6911641813,19331473.79737958,1306.0908585237028,False,,2,78.16611755972033,32.48410440964262,131.98519329097633,296,297,3301.3090471440128,12,13,2,54,55,3.882526157765228,2.8825261577652275,1.950167183727826,0.950167183727826,2.098945964011179,1.098945964011179,1.493924283111839,0.49392428311183895,1.2164598642643176,0.21645986426431763,6.208602100028656,218.26953125,229.22265625,10.953125,1.4452237843466458,0.05064328779392755
TS67,spine,spine_forcing_20,2.0,0,0,3,156.33223511944067,0.11969476250384734,1694,3394,957339.6911641813,19331473.79737958,1306.0908585237028,False,,2,78.16611755972033,32.48410440964262,131.98519329097633,296,297,3301.3090471440128,12,13,2,30,31,3.611269792144848,2.611269792144848,1.738298046673684,0.7382980466736838,1.9252156301540317,0.9252156301540317,1.307509572965201,0.3075095729652012,1.314717162289171,0.31471716228917085,3.6601876000058837,222.11328125,222.41015625,0.296875,1.2194321811218454,0.04234110944101553
TS67,spine,spine_forcing_20,2.0,1,0,3,156.33223511944067,0.11969476250384734,1694,3394,957339.6911641813,19331473.79737958,1306.0908585237028,False,,2,78.16611755972033,32.48410440964262,131.98519329097633,296,297,3301.3090471440128,12,13,2,36,37,3.626721433984037,2.626721433984037,1.746178205131498,0.746178205131498,1.9406672719932208,0.9406672719932208,1.3153897314230154,0.3153897314230154,1.3042992820224872,0.3042992820224872,3.6601876000058837,222.11328125,222.41015625,0.296875,1.4452237843466458,0.05064328779392755
TS67,spine,spine_forcing_20,2.0,0,1,3,156.33223511944067,0.11969476250384734,1694,3394,957339.6911641813,19331473.79737958,1306.0908585237028,False,,2,78.16611755972033,32.48410440964262,131.98519329097633,296,297,3301.3090471440128,12,13,2,30,31,3.5176460655183543,2.5176460655183543,1.7033944920191872,0.7033944920191872,1.9072915884545258,0.907291588454526,1.2810201887114496,0.28102018871144974,1.3234162238726246,0.3234162238726247,3.5699735000380315,222.1953125,222.25,0.0546875,1.2194321811218454,0.04234110944101553
TS67,spine,spine_forcing_20,2.0,1,1,3,156.33223511944067,0.11969476250384734,1694,3394,957339.6911641813,19331473.79737958,1306.0908585237028,False,,2,78.16611755972033,32.48410440964262,131.98519329097633,296,297,3301.3090471440128,12,13,2,36,37,3.5331182153406884,2.533118215340688,1.7112884300636044,0.7112884300636043,1.9227637382768596,0.9227637382768596,1.2889141267558668,0.2889141267558668,1.312911830283299,0.31291183028329894,3.5699735000380315,222.1953125,222.25,0.0546875,1.4452237843466458,0.05064328779392755
TS67,spine,spine_forcing_20,2.0,0,2,3,156.33223511944067,0.11969476250384734,1694,3394,957339.6911641813,19331473.79737958,1306.0908585237028,False,,2,78.16611755972033,32.48410440964262,131.98519329097633,296,297,3301.3090471440128,12,13,2,30,31,3.72785276558567,2.72785276558567,1.7612548146967675,0.7612548146967675,1.9871630124840676,0.9871630124840677,1.3150642269359412,0.3150642269359411,1.3113282169326734,0.3113282169326735,3.5645031000021845,222.23046875,223.0546875,0.82421875,1.2194321811218454,0.04234110944101553
TS67,spine,spine_forcing_20,2.0,1,2,3,156.33223511944067,0.11969476250384734,1694,3394,957339.6911641813,19331473.79737958,1306.0908585237028,False,,2,78.16611755972033,32.48410440964262,131.98519329097633,296,297,3301.3090471440128,12,13,2,36,37,3.7433015903576194,2.743301590357619,1.7691344351924205,0.7691344351924206,2.002611837256017,1.0026118372560169,1.3229438474315942,0.3229438474315942,1.3007734751675755,0.3007734751675754,3.5645031000021845,222.23046875,223.0546875,0.82421875,1.4452237843466458,0.05064328779392755
TS67,spine,spine_forcing_20,3.0,0,0,3,234.498352679161,0.179542143755771,1694,3394,957339.6911641813,19331473.79737958,1306.0908585237028,False,,2,78.16611755972033,32.48410440964262,131.98519329097633,296,297,3301.3090471440128,12,13,2,22,23,3.5068836167121806,2.5068836167121806,1.6961260027579548,0.6961260027579548,1.632954808378845,0.632954808378845,1.2327655689336967,0.23276556893369668,1.3611813225845333,0.36118132258453334,2.4486816999851726,223.03515625,223.03515625,0.0,1.2194321811218454,0.04234110944101553
TS67,spine,spine_forcing_20,3.0,1,0,3,234.498352679161,0.179542143755771,1694,3394,957339.6911641813,19331473.79737958,1306.0908585237028,False,,2,78.16611755972033,32.48410440964262,131.98519329097633,296,297,3301.3090471440128,12,13,2,28,29,3.523540980498505,2.523540980498505,1.7045373937484176,0.7045373937484177,1.6496121721651693,0.6496121721651694,1.2411769599241596,0.24117695992415958,1.3499171912156287,0.3499171912156288,2.4486816999851726,223.03515625,223.03515625,0.0,1.4452237843466458,0.05064328779392755
TS67,spine,spine_forcing_20,3.0,0,1,3,234.498352679161,0.179542143755771,1694,3394,957339.6911641813,19331473.79737958,1306.0908585237028,False,,2,78.16611755972033,32.48410440964262,131.98519329097633,296,297,3301.3090471440128,12,13,2,22,23,3.4439883781708716,2.443988378170871,1.692969713896484,0.6929697138964842,1.6899599596501735,0.6899599596501734,1.2498398189856559,0.24983981898565588,1.3306979724724963,0.3306979724724962,2.4433641000068747,222.92578125,223.26171875,0.3359375,1.2194321811218454,0.04234110944101553
TS67,spine,spine_forcing_20,3.0,1,1,3,234.498352679161,0.179542143755771,1694,3394,957339.6911641813,19331473.79737958,1306.0908585237028,False,,2,78.16611755972033,32.48410440964262,131.98519329097633,296,297,3301.3090471440128,12,13,2,28,29,3.4605643194670264,2.4605643194670264,1.701348553972834,0.701348553972834,1.7065359009463286,0.7065359009463286,1.258218659062006,0.258218659062006,1.3197495125201433,0.31974951252014316,2.4433641000068747,222.92578125,223.26171875,0.3359375,1.4452237843466458,0.05064328779392755
TS67,spine,spine_forcing_20,3.0,0,2,3,234.498352679161,0.179542143755771,1694,3394,957339.6911641813,19331473.79737958,1306.0908585237028,False,,2,78.16611755972033,32.48410440964262,131.98519329097633,296,297,3301.3090471440128,12,13,2,22,23,3.409823310501177,2.4098233105011775,1.666142153469174,0.6661421534691742,1.6527814931278115,0.6527814931278114,1.2223378993403775,0.22233789934037748,1.3577599545128196,0.35775995451281967,2.4275230999919586,223.2421875,223.3671875,0.125,1.2194321811218454,0.04234110944101553
TS67,spine,spine_forcing_20,3.0,1,2,3,234.498352679161,0.179542143755771,1694,3394,957339.6911641813,19331473.79737958,1306.0908585237028,False,,2,78.16611755972033,32.48410440964262,131.98519329097633,296,297,3301.3090471440128,12,13,2,28,29,3.4264875695048542,2.4264875695048542,1.674545268517069,0.674545268517069,1.669445752131488,0.6694457521314882,1.2307410143882722,0.23074101438827227,1.3465487039055242,0.3465487039055241,2.4275230999919586,223.2421875,223.3671875,0.125,1.4452237843466458,0.05064328779392755
TS76,spine,spine_forcing_20,1.0,0,0,3,86.5888012566166,0.0920959439094878,1509,3022,548029.1969304897,11801286.30696941,940.202115108526,False,,5,86.5888012566166,43.39702098324926,129.48504578291383,191,190,1576.7772959414992,9,7,0,25,24,1.7568520955394709,0.7568520955394707,1.2940347483715895,0.2940347483715894,1.1314150609175344,0.1314150609175345,1.0517461055819246,0.0517461055819247,1.1334324376314506,0.13343243763145055,2.5900239999755286,223.8046875,225.19140625,1.38671875,1.4877540263536124,0.007828119430410079
TS76,spine,spine_forcing_20,1.0,1,0,3,86.5888012566166,0.0920959439094878,1509,3022,548029.1969304897,11801286.30696941,940.202115108526,False,,5,86.5888012566166,43.39702098324926,129.48504578291383,191,190,1576.7772959414992,9,7,0,32,31,1.7976380300092103,0.7976380300092103,1.3132266905080554,0.3132266905080553,1.172200995387274,0.17220099538727404,1.0709380477183905,0.07093804771839061,1.1242183344646595,0.12421833446465955,2.5900239999755286,223.8046875,225.19140625,1.38671875,2.0360847581624664,0.010552906522995304
TS76,spine,spine_forcing_20,1.0,0,1,3,86.5888012566166,0.0920959439094878,1509,3022,548029.1969304897,11801286.30696941,940.202115108526,False,,5,86.5888012566166,43.39702098324926,129.48504578291383,191,190,1576.7772959414992,9,7,0,25,24,1.7897835224712189,0.7897835224712189,1.3145895241739487,0.3145895241739486,1.1049418883659416,0.1049418883659417,1.0574157949963914,0.05741579499639133,1.13166947855181,0.13166947855180997,2.6375618999591097,225.171875,225.25390625,0.08203125,1.4877540263536124,0.007828119430410079
TS76,spine,spine_forcing_20,1.0,1,1,3,86.5888012566166,0.0920959439094878,1509,3022,548029.1969304897,11801286.30696941,940.202115108526,False,,5,86.5888012566166,43.39702098324926,129.48504578291383,191,190,1576.7772959414992,9,7,0,32,31,1.8307450261521876,0.8307450261521875,1.3336889941592893,0.3336889941592894,1.1459033920469104,0.1459033920469104,1.076515264981732,0.0765152649817321,1.122809083100292,0.12280908310029193,2.6375618999591097,225.171875,225.25390625,0.08203125,2.0360847581624664,0.010552906522995304
TS76,spine,spine_forcing_20,1.0,0,2,3,86.5888012566166,0.0920959439094878,1509,3022,548029.1969304897,11801286.30696941,940.202115108526,False,,5,86.5888012566166,43.39702098324926,129.48504578291383,191,190,1576.7772959414992,9,7,0,25,24,1.7248069954428638,0.7248069954428639,1.2738501775769764,0.2738501775769764,1.0647120740215321,0.06471207402153205,1.022469193561368,0.022469193561367878,1.142613523542138,0.1426135235421379,2.597040900029242,225.234375,226.66015625,1.42578125,1.4877540263536124,0.007828119430410079
TS76,spine,spine_forcing_20,1.0,1,2,3,86.5888012566166,0.0920959439094878,1509,3022,548029.1969304897,11801286.30696941,940.202115108526,False,,5,86.5888012566166,43.39702098324926,129.48504578291383,191,190,1576.7772959414992,9,7,0,32,31,1.766735076764099,0.766735076764099,1.2932547664286245,0.2932547664286244,1.1066401553427672,0.10664015534276718,1.041873782413016,0.04187378241301591,1.1339735199871237,0.13397351998712378,2.597040900029242,225.234375,226.66015625,1.42578125,2.0360847581624664,0.010552906522995304
TS76,spine,spine_forcing_20,2.0,0,0,3,173.1776025132332,0.1841918878189756,1509,3022,548029.1969304897,11801286.30696941,940.202115108526,False,,5,86.5888012566166,43.39702098324926,129.48504578291383,191,190,1576.7772959414992,9,7,0,16,15,1.86678707270583,0.8667870727058299,1.26924887156649,0.26924887156649,1.1593006652878053,0.15930066528780518,1.0079284946125924,0.0079284946125924,1.2259844566481086,0.22598445664810873,1.3872681999928318,226.640625,226.640625,0.0,1.4877540263536124,0.007828119430410079
TS76,spine,spine_forcing_20,2.0,1,0,3,173.1776025132332,0.1841918878189756,1509,3022,548029.1969304897,11801286.30696941,940.202115108526,False,,5,86.5888012566166,43.39702098324926,129.48504578291383,191,190,1576.7772959414992,9,7,0,23,22,1.9072938773638108,0.9072938773638107,1.2882509081297582,0.2882509081297582,1.199807469945786,0.199807469945786,1.0269305311758605,0.026930531175860573,1.2132636265306265,0.21326362653062644,1.3872681999928318,226.640625,226.640625,0.0,2.0360847581624664,0.010552906522995304
TS76,spine,spine_forcing_20,2.0,0,1,3,173.1776025132332,0.1841918878189756,1509,3022,548029.1969304897,11801286.30696941,940.202115108526,False,,5,86.5888012566166,43.39702098324926,129.48504578291383,191,190,1576.7772959414992,9,7,0,16,15,1.8934980143680171,0.893498014368017,1.281990965245304,0.2819909652453042,1.163362853588253,0.1633628535882531,1.0144486313179304,0.014448631317930427,1.2233309171750801,0.22333091717508025,1.3363112999941222,225.265625,225.29296875,0.02734375,1.4877540263536124,0.007828119430410079
TS76,spine,spine_forcing_20,2.0,1,1,3,173.1776025132332,0.1841918878189756,1509,3022,548029.1969304897,11801286.30696941,940.202115108526,False,,5,86.5888012566166,43.39702098324926,129.48504578291383,191,190,1576.7772959414992,9,7,0,23,22,1.9347795224155415,0.9347795224155415,1.301187834096677,0.30118783409667693,1.2046443616357776,0.20464436163577754,1.0336455001693035,0.03364550016930341,1.2105599416775892,0.21055994167758926,1.3363112999941222,225.265625,225.29296875,0.02734375,2.0360847581624664,0.010552906522995304
TS76,spine,spine_forcing_20,2.0,0,2,3,173.1776025132332,0.1841918878189756,1509,3022,548029.1969304897,11801286.30696941,940.202115108526,False,,5,86.5888012566166,43.39702098324926,129.48504578291383,191,190,1576.7772959414992,9,7,0,16,15,1.9124628242934179,0.9124628242934179,1.2829094305022355,0.2829094305022354,1.1756771181553272,0.1756771181553271,1.0116250538106133,0.011625053810613246,1.2344776486925184,0.2344776486925185,1.3567236000089906,225.2734375,225.30078125,0.02734375,1.4877540263536124,0.007828119430410079
TS76,spine,spine_forcing_20,2.0,1,2,3,173.1776025132332,0.1841918878189756,1509,3022,548029.1969304897,11801286.30696941,940.202115108526,False,,5,86.5888012566166,43.39702098324926,129.48504578291383,191,190,1576.7772959414992,9,7,0,23,22,1.949177055055739,0.9491770550557389,1.2999377477359586,0.2999377477359587,1.212391348917648,0.2123913489176481,1.0286533710443366,0.02865337104433657,1.2229327149208293,0.22293271492082922,1.3567236000089906,225.2734375,225.30078125,0.02734375,2.0360847581624664,0.010552906522995304
TS76,spine,spine_forcing_20,3.0,0,0,3,259.76640376984983,0.27628783172846344,1509,3022,548029.1969304897,11801286.30696941,940.202115108526,False,,5,86.5888012566166,43.39702098324926,129.48504578291383,191,190,1576.7772959414992,9,7,0,14,13,1.9189238869670364,0.9189238869670363,1.2828724174666806,0.28287241746668057,1.1802889170453335,0.18028891704533354,1.0155631107384877,0.015563110738487675,1.2395628906181995,0.23956289061819958,1.0784818999818526,225.28125,225.296875,0.015625,1.4877540263536124,0.007828119430410079
TS76,spine,spine_forcing_20,3.0,1,0,3,259.76640376984983,0.27628783172846344,1509,3022,548029.1969304897,11801286.30696941,940.202115108526,False,,5,86.5888012566166,43.39702098324926,129.48504578291383,191,190,1576.7772959414992,9,7,0,21,20,1.9621898950030519,0.9621898950030517,1.3028172902730835,0.3028172902730836,1.2235549250813489,0.22355492508134883,1.0355079835448906,0.035507983544890646,1.226071061654603,0.22607106165460295,1.0784818999818526,225.28125,225.296875,0.015625,2.0360847581624664,0.010552906522995304
TS76,spine,spine_forcing_20,3.0,0,1,3,259.76640376984983,0.27628783172846344,1509,3022,548029.1969304897,11801286.30696941,940.202115108526,False,,5,86.5888012566166,43.39702098324926,129.48504578291383,191,190,1576.7772959414992,9,7,0,14,13,1.8826021457997,0.8826021457997,1.2647518367409238,0.26475183674092384,1.1915990391660467,0.1915990391660468,1.007510796715669,0.007510796715668943,1.2427657401160903,0.24276574011609034,1.0825695999665186,225.2734375,225.35546875,0.08203125,1.4877540263536124,0.007828119430410079
TS76,spine,spine_forcing_20,3.0,1,1,3,259.76640376984983,0.27628783172846344,1509,3022,548029.1969304897,11801286.30696941,940.202115108526,False,,5,86.5888012566166,43.39702098324926,129.48504578291383,191,190,1576.7772959414992,9,7,0,21,20,1.9254092255792659,0.9254092255792659,1.2845222474566738,0.2845222474566738,1.2344061189456126,0.23440611894561264,1.0272812074314188,0.027281207431418725,1.229410068321464,0.22941006832146382,1.0825695999665186,225.2734375,225.35546875,0.08203125,2.0360847581624664,0.010552906522995304
TS76,spine,spine_forcing_20,3.0,0,2,3,259.76640376984983,0.27628783172846344,1509,3022,548029.1969304897,11801286.30696941,940.202115108526,False,,5,86.5888012566166,43.39702098324926,129.48504578291383,191,190,1576.7772959414992,9,7,0,14,13,1.9187096739899783,0.9187096739899783,1.276337718317619,0.2763377183176191,1.208222917437585,0.2082229174375849,1.0143712912949734,0.014371291294973361,1.2478190370769877,0.24781903707698763,1.058030600019265,225.33984375,225.359375,0.01953125,1.4877540263536124,0.007828119430410079
TS76,spine,spine_forcing_20,3.0,1,2,3,259.76640376984983,0.27628783172846344,1509,3022,548029.1969304897,11801286.30696941,940.202115108526,False,,5,86.5888012566166,43.39702098324926,129.48504578291383,191,190,1576.7772959414992,9,7,0,21,20,1.96241653334298,0.96241653334298,1.296316257197588,0.29631625719758786,1.2519297767905866,0.25192977679058665,1.034349830174942,0.034349830174942135,1.2342289906676536,0.23422899066765354,1.058030600019265,225.33984375,225.359375,0.01953125,2.0360847581624664,0.010552906522995304
