model,extend_terminals,max_edge_length,mel_over_thickness,mesh_vertices,skeleton_nodes,n_branches,genus,cyclomatic_number,morphology_nodes,runtime_s,peak_rss_mb,volume_relative_error,area_relative_error,radius_relative_error,radius_relative_error_spread,volume_relative_error_sa_norm
TS1,0,155.887,2,2378,376,25,9,7,69,7.81101,181.211,0.216306,0.0795771,0.0531427,0.0142116,0.29609
TS1,1,155.887,2,2378,376,25,9,7,78,7.81101,181.211,0.239277,0.086585,0.0581421,0.0158671,0.293418
TS2,0,145.549,2,508,122,4,1,1,7,0.547255,182.965,0.312725,-0.0391449,0.0360008,0.057355,0.39376
TS2,1,145.549,2,508,122,4,1,1,9,0.547255,182.965,0.329565,-0.0301258,0.0406319,0.0573913,0.384588
TS21,0,133.241,2,2017,251,11,,1,21,2.38631,213.098,0.294423,-0.0166674,0.0395718,0.0490993,0.367562
TS21,1,133.241,2,2017,251,11,,1,28,2.38631,213.098,0.310321,-0.00755799,0.0440931,0.0490299,0.356637
TS24,0,189.19,2,3331,323,15,2,2,33,4.28002,218.844,0.30482,0.101393,0.0708878,0.0216338,0.152267
TS24,1,189.19,2,3331,323,15,2,2,41,4.28002,218.844,0.331874,0.113244,0.0774359,0.0225684,0.144624
TS3,0,186.808,2,8008,714,47,,8,70,15.9672,249.301,-0.119785,0.106026,0.00393619,0.0466579,0.145112
TS3,1,186.808,2,8008,714,47,,8,80,15.9672,249.301,-0.0931146,0.115424,0.0110798,0.0440956,0.140403
TS4,0,212.351,2,3333,319,13,1,1,34,4.90069,214.629,0.210727,0.0497865,0.045,0.0206123,0.192795
TS4,1,212.351,2,3333,319,13,1,1,41,4.90069,214.629,0.216359,0.0537525,0.046795,0.0204706,0.188324
TS48,0,215.719,2,3335,255,7,0,0,19,2.51931,225.059,0.0824187,0.147794,0.0488141,0.0223002,0.047909
TS48,1,215.719,2,3335,255,7,0,0,27,2.51931,225.059,0.188575,0.176992,0.0720074,0.0128086,0.0504041
TS67,0,156.332,2,1694,296,13,,2,30,3.56997,222.25,0.907292,0.28102,0.184746,0.0541615,0.323416
TS67,1,156.332,2,1694,296,13,,2,36,3.56997,222.25,0.922764,0.288914,0.188166,0.0540928,0.312912
TS76,0,173.178,2,1509,191,7,,0,16,1.38727,226.641,0.159301,0.00792849,0.0269677,0.023275,0.225984
TS76,1,173.178,2,1509,191,7,,0,23,1.38727,226.641,0.199807,0.0269305,0.0376969,0.024613,0.213264
branching,1,1,0.65894,1417,137,2,0,0,13,0.0406355,160.918,-0.227142,-0.170142,-0.0856744,0.00336635,0.0511575
cylinder,0,3,1.56871,34,4,0,0,0,5,0.0176569,152.039,-0.0184078,-0.0225411,-0.00875774,0.00258039,0.0234379
human,1,1.1915,2,3335,605,12,0,0,815,4.6933,169.582,-0.0327484,-0.144838,-0.0436826,0.0321063,0.333537
torus,0,1,0.509951,512,32,0,1,1,25,0.147697,157.02,0.000403596,-0.0109077,-0.00267107,0.00280165,0.0225899
