model,mesh_vertices,skeleton_nodes,n_branches,cyclomatic_number,morphology_nodes,runtime_s,peak_rss_mb,volume_relative_error,runtime_scaling_exponent
cylinder,34,4,0,0,4,0.0755824,152.008,-0.018394,1.51534
torus,512,32,0,1,7,0.445498,156.828,0.0694015,0.838468
branching,1417,137,2,0,3,0.0957838,161.445,-0.119047,0.635395
TS1,2378,376,25,8,71,4.84667,183.789,0.0749525,1.92146
TS2,508,122,4,1,7,0.389948,184.938,0.118582,-0.0746701
TS3,8008,714,47,10,56,10.0878,242.281,0.234065,0.448917
TS4,3333,319,13,1,35,2.80152,207.133,0.0685624,0.351728
TS21,2017,251,11,1,18,1.96487,208.934,0.277513,0.390706
TS24,3331,323,15,2,26,1.93005,213.531,0.439293,1.18474
TS48,3335,255,7,0,18,2.12032,217.285,0.188228,0.528466
TS67,1694,296,13,2,28,3.16917,219.258,0.753826,1.1637
TS76,1509,191,7,0,14,0.749032,222.195,0.0145802,0.884073
